bin,exam_exercise,animal,consult_idx,line,categories,n_categories
69e76ba036566621a8d77c09,EX1,Isopp,0,Transition en 6 jours avec ajout progressif des nouvelles croquettes dans l'ancienne ration jusqu'à atteindre 100% de nouvelles croquettes,transition_alimentaire,1
69e76ba036566621a8d77c09,EX1,Isopp,0,Ajout de haricots possible pour atteindre la satieté,satiete_appetit,1
69e76ba036566621a8d77c09,EX1,Isopp,0,Suivi régulier nécessaire pour adapter la ration et suivre l'évolution du poids,suivi_poids_et_clinique,1
69e76d0b856a68218958d2d6,EX1,Isopp,0,"réaliser la transition alimentaire sur 7j, réaliser un suivi de poids, placer la ration dans des jeux",transition_alimentaire;suivi_poids_et_clinique;activite_physique,3
69e76d0b856a68218958d2d6,EX2,Mochi,0,"Réaliser la transition alimentaire sur une semaine, cuire tous les aliments à l'eau ou à la vapeur, pour le riz cuisson deux fois plus longue que indiquée sur le paquet, réaliser un suivi de poids, faire attention au tri, séparer la ration en plusieurs repas",transition_alimentaire;cuisson;distribution_repas;suivi_poids_et_clinique,4
69e76d3536566621a8d783d5,EX1,Isopp,0,faire une transition alimentaire sur 6jours,transition_alimentaire,1
69e76d3536566621a8d783d5,EX1,Isopp,0,suivi clinique,suivi_poids_et_clinique,1
69e76d3536566621a8d783d5,EX1,Isopp,0,faire 2 à 3 repas / jours,distribution_repas,1
69e76d3536566621a8d783d5,EX1,Isopp,0,gamelle anti glouton,distribution_repas,1
69e76d3536566621a8d783d5,EX2,Mochi,0,transition alimentaire,transition_alimentaire,1
69e76d3536566621a8d783d5,EX2,Mochi,0,suivi clinique,suivi_poids_et_clinique,1
69e76d3536566621a8d783d5,EX2,Mochi,0,ration à répartir sur toute la journée,distribution_repas,1
69e76d4f856a68218958d3ed,EX1,Isopp		,0,Ration avec apport en protéine augmenté : la satiété devrait arriver plus vite,satiete_appetit,1
69e76d4f856a68218958d3ed,EX1,Isopp		,0,"Procéder à une transition alimentaire sur 6 jours ( 2 jours : 75% aliment initial, 25% nouvel aliment, 2 jours : 50% aliment initial, 50% nouvel aliment et 2 jours 25% aliment initial et 75% nouvel aliment)",transition_alimentaire,1
69e76d4f856a68218958d3ed,EX1,Isopp		,0,Suivi régulier du poids de Isopp (toutes les deux semaines),suivi_poids_et_clinique,1
69e76d4f856a68218958d3ed,EX1,Isopp		,0,"Espacer les repas (moitié de la ration le matin, autre le soir par exemple)",distribution_repas,1
69e76d4f856a68218958d3ed,EX1,Isopp		,0,Veillez à ce que Isopp ait toujours à boire,hydratation_eau,1
69e76d4f856a68218958d3ed,EX2,Mochi,0,"Transition alimentaire sur 6 jours ( 2 jours : 75% aliment initial, 25% nouvel aliment, 2 jours : 50% aliment initial, 50% nouvel aliment et 2 jours 25% aliment initial et 75% nouvel aliment)",transition_alimentaire,1
69e76d4f856a68218958d3ed,EX2,Mochi,0,Cuire le riz deux fois plus longtemps que pour un humain,cuisson,1
69e76d4f856a68218958d3ed,EX2,Mochi,0,Veillez à espacer les repas,distribution_repas,1
69e76dd036566621a8d78678,EX1,Isopp,0,Nouvelle game de croquette pour animaux stérilisé avec un taux plus élevé de protéines et une densité énergétique plus faible dans le but d'atteindre la sasiétée et de faire perdre du poids,,0
69e76dd036566621a8d78678,EX1,Isopp,0,"Effectuer la transition alimentaire sur 6 jours ( 25% nouvelle ration et 75% ancienne, puis 50/50 après 2 jours; puis 75/25 après 4 )",transition_alimentaire,1
69e76dd036566621a8d78678,EX1,Isopp,0,proproser la ration répartie plusieurs fois dans la journée et dans une gamelle anti-glouton,distribution_repas,1
69e76dd036566621a8d78678,EX1,Isopp,0,Faire un suivi de l'évolution du poids toute les 2 semaines,suivi_poids_et_clinique,1
69e76dd036566621a8d78678,EX2,Mochi ,0,Conseil de préparation:,preparation_recette,1
69e76dd036566621a8d78678,EX2,Mochi ,0,Bien cuire à l'eau le riz ( 2 fois plus longtemps que le temps de cuisson indiqué) et les haricots,cuisson,1
69e76dd036566621a8d78678,EX2,Mochi ,0,Cuire le colin à l'eau,cuisson,1
69e76dd036566621a8d78678,EX2,Mochi ,0,"Réaliser la transition alimentaire sur 6 jours, en augmentant progressivement le nouvel aliment vis à vis de l'ancien",transition_alimentaire,1
69e76dd036566621a8d78678,EX2,Mochi ,0,"Proposer la ration divisée à plusieurs moments de la journée, et si possible via des jeux",distribution_repas;activite_physique,2
69e76dd036566621a8d78678,EX2,Mochi ,0,Faire un suivi du poids et de la concordance de la ration,suivi_poids_et_clinique,1
69e76dd0aaba88219721059a,EX1,Isopp,0,Faire la transition alimentaire sur 6 jours. Favoriser la prise sociale. Faire un suivi du poids régulier afin d'ajuster la ration au besoin,transition_alimentaire;suivi_poids_et_clinique;aspects_sociaux,3
69e76dd0aaba88219721059a,EX2,Mochi,0,Faire cuire le colin et le riz dans l'eau (cuisson 2 fois plus longue que pour l'homme pour le riz),cuisson,1
69e76dd0aaba88219721059a,EX2,Mochi,0,Diviser les repas dans la journée,distribution_repas,1
69e76dd0aaba88219721059a,EX2,Mochi,0,Faire la transition alimentaire sur 6 jours,transition_alimentaire,1
69e76dd0aaba88219721059a,EX2,Mochi,0,Faire un suivi du poids régulier,suivi_poids_et_clinique,1
69e76dda856a68218958d68c,EX1,Isopp,0,Eau disponible a volonté pour maintenir une hydratation optimale,hydratation_eau,1
69e76dda856a68218958d68c,EX1,Isopp,0,Distribuer en plusieurs repas ( si possible 3),distribution_repas,1
69e76dda856a68218958d68c,EX1,Isopp,0,distribuer dans des tapis de fouilles ou enrichissment,distribution_repas,1
69e76dda856a68218958d68c,EX2,Mochi,0,Distribuer en plussieurs fois,distribution_repas,1
69e76dee36566621a8d78797,EX1,Isopp,0,Faire une transition alimentaire,transition_alimentaire,1
69e76dee36566621a8d78797,EX1,Isopp,0,Distribuer l'alimentation en plusieurs fois,distribution_repas,1
69e76dee36566621a8d78797,EX1,Isopp,0,Suivre le poids de l'animal,suivi_poids_et_clinique,1
69e76dee36566621a8d78797,EX2,Mochi ,0,Cuire le colin et le riz à l'eau. Le riz doit être cuit deux fois plus longtemps que pour l'Homme,cuisson,1
69e76dee36566621a8d78797,EX2,Mochi ,0,Faire une transition alimentaire,transition_alimentaire,1
69e76dee36566621a8d78797,EX2,Mochi ,0,Distribuer la ration en plusieurs fois,distribution_repas,1
69e76dee36566621a8d78797,EX2,Mochi ,0,Suivre le poids de Mochi (toute les 2 semaines environ),suivi_poids_et_clinique,1
69e76df6aaba8821972106e8,EX1,Isopp,0,Faire une transition alimentaire sur 6 jours :,transition_alimentaire,1
69e76df6aaba8821972106e8,EX1,Isopp,0,1/4 des nouvelles croquettes et 3/4 des anciennes pendant 2 jours,transition_alimentaire,1
69e76df6aaba8821972106e8,EX1,Isopp,0,2/4 des nouvelles et 2/4 des anciennes pendant 2 jours,,0
69e76df6aaba8821972106e8,EX1,Isopp,0,3/4 des nouvelles et 1/4 des anciennes pendant 2 jours,,0
69e76df6aaba8821972106e8,EX1,Isopp,0,Séparer la rations en plusieurs repas (2 par jours),distribution_repas,1
69e76df6aaba8821972106e8,EX1,Isopp,0,Donner la nourriture dans une gamelle anti-glouton pour aider à la saciété,distribution_repas,1
69e76df6aaba8821972106e8,EX1,Isopp,0,Faire un suivi de poids régulier toutes les 1 semaines ou 2 semaines (Isopp doit perdre du poids mais pas trop d'un coup et ne doit pas en reprendre),suivi_poids_et_clinique,1
69e76e11aaba88219721077c,EX1,Isopp,0,transition alimentaire de 6 jours,transition_alimentaire,1
69e76e11aaba88219721077c,EX1,Isopp,0,suivi de poids toutes les deux semaines,suivi_poids_et_clinique,1
69e76e11aaba88219721077c,EX1,Isopp,0,augmenter un peu les activités physiques,activite_physique,1
69e76e11aaba88219721077c,EX1,Isopp,0,utiliser gamelle anti-glouton,distribution_repas,1
69e76e11aaba88219721077c,EX2,Mochi,0,suivi de poids toutes les deux semaines,suivi_poids_et_clinique,1
69e76e11aaba88219721077c,EX2,Mochi,0,séparer la ration en plusieurs repas,distribution_repas,1
69e76e11aaba88219721077c,EX2,Mochi,0,cuire le riz à l'eau et deux fois plus que pour les humains,cuisson,1
69e76e11aaba88219721077c,EX2,Mochi,0,Cuisson vapeur pour le poulet et cuisson à l'eau pour les épinards,cuisson,1
69e76e17856a68218958d7eb,EX1,isopp ,0,"Je propose de changer de croquette pour isopp en passant sur une gamme satiety, la densité est diminué avec plus de protéine pour qu’il soit plus rassasié",satiete_appetit,1
69e76e17856a68218958d7eb,EX1,isopp ,0,"on fait une transition sur 6jours en diminuant l’ancienne et augmentant la nouvelle ration, il faut aussi donner à manger en 3 fois de préférence (surtout pas en une car chien sujet au retournement d’estomac)",transition_alimentaire;distribution_repas;justification_clinique,3
69e76e17856a68218958d7eb,EX1,isopp ,0,de plus un suivi de poids doit être réalisé,suivi_poids_et_clinique,1
69e76e17856a68218958d7eb,EX1,isopp ,0,enfin introduire une activité sportive est important tant pour la santé de cet animal mais aussi pour son bien être,activite_physique,1
69e76e17856a68218958d7eb,EX2,mochi ,0,"les aliments doivent être cuit à la vapeur, le riz deux fois plus que pour les humains, une transition sur 6 jour doit être faite ainsi qu’un suivi de poids pour vérifier que la nouvelle ration lui convient",transition_alimentaire;cuisson;suivi_poids_et_clinique,3
69e76e17856a68218958d7eb,EX2,mochi ,0,il peut être intéressant de compliqué un peu l’accès à la nourriture pour que le chat soit un peu plus actif même s’il n’y a aucun problème avec son poids,activite_physique,1
69e76e2636566621a8d788b5,EX1,Isopp,0,il faut diminuer l’apport énergétique pour qu’il maigrisse tout en gardant un apport en croquette suffisant pour la satiété. l’objectif pour lui est 25kg,satiete_appetit,1
69e76e2636566621a8d788b5,EX1,Isopp,0,ainsi il faudrai diviser les repas en 2 repas ou 3,distribution_repas,1
69e76e2636566621a8d788b5,EX1,Isopp,0,effectuer une transition alimentaire sur 6 jours,transition_alimentaire,1
69e76e2636566621a8d788b5,EX1,Isopp,0,essayer d’effectuer plus d’activité afin de le faire maigrir,activite_physique;objectif_poids,2
69e76e2636566621a8d788b5,EX1,Isopp,0,efffectuer un suivi de l’animal pour voir l’évolution du poids et si la proportion de croquettes fonction,suivi_poids_et_clinique,1
69e76e2636566621a8d788b5,EX1,Isopp,0,essayer de rendre le repas quelque chose de social donc avec d’autre individu ou avec le propriétaire,aspects_sociaux,1
69e76e2636566621a8d788b5,EX2,Mochi,0,La recette est à suivre avec les indication suivantes:,preparation_recette,1
69e76e2636566621a8d788b5,EX2,Mochi,0,Cuire à l’eau le riz et le poulet ( pour le riz cuire 2 fois plus longtemps que pour nous),cuisson,1
69e76e2636566621a8d788b5,EX2,Mochi,0,Faire une transition alimentaire sur 6 jours,transition_alimentaire,1
69e76e2636566621a8d788b5,EX2,Mochi,0,Séparer les repas en plusieurs repas par jour (2 voir 3),distribution_repas,1
69e76e2636566621a8d788b5,EX2,Mochi,0,Utiliser des objets permettant de cacher la nourriture pour le chat cherche,enrichissement_environnement,1
69e76e35aaba882197210806,EX1,Isopp,0,Transition alimentaire nécessaire (6jours),transition_alimentaire,1
69e76e35aaba882197210806,EX1,Isopp,0,Donner la ration en 3 fois dans la journée,distribution_repas,1
69e76e35aaba882197210806,EX1,Isopp,0,"(Si possible, augmenter l'activité de l'animal)",activite_physique,1
69e76e35aaba882197210806,EX2,Mochi,0,Transition alimentaire à faire (2 semaines),transition_alimentaire,1
69e76e35aaba882197210806,EX2,Mochi,0,Conseil de cuisson : cuisson à l'eau du colin et du riz (temps deux fois plus long que pour l'humain pour le riz),cuisson,1
69e76e35aaba882197210806,EX2,Mochi,0,Lui donner la ration tout au long de la journée et non en une seule fois,distribution_repas,1
69e76e3f856a68218958d884,EX1,Isopp,0,Transition alimentaire en 6 jours,transition_alimentaire,1
69e76e3f856a68218958d884,EX1,Isopp,0,Suivi du poids,suivi_poids_et_clinique,1
69e76e3f856a68218958d884,EX1,Isopp,0,Séparation de la ration en 2 repas par jour,distribution_repas,1
69e76e3f856a68218958d884,EX1,Isopp,0,Utilisation d'une gamelle anti-glouton,distribution_repas,1
69e76e3f856a68218958d884,EX1,Isopp,0,Reprise de l'exercice physique,activite_physique,1
69e76e3f856a68218958d884,EX2,Mochi,0,Transition alimentaire en 6 jours,transition_alimentaire,1
69e76e3f856a68218958d884,EX2,Mochi,0,Suivi du poids,suivi_poids_et_clinique,1
69e76e3f856a68218958d884,EX2,Mochi,0,"Cuisson à la vapeur du poisson, du riz et des haricots",cuisson,1
69e76e3f856a68218958d884,EX2,Mochi,0,Ajout de l'huile et du Vit'i5 après cuisson,cuisson;ordre_ingredients;complementation_cmv,3
69e76e3f856a68218958d884,EX2,Mochi,0,Répartir la ration en plusieurs repas à donner au long de la journée,distribution_repas,1
69e76e3f856a68218958d884,EX2,Mochi,0,Utiliser des gamelles ludiques si besoin,,0
69e76e3faaba882197210823,EX1,Isopp,0,"Réaliser une transition alimentaire avec la ration actuelle, diviser la ration en plusieurs repas sur la journée, faire un suivi du poids toutes les deux semaines pour permettre d'ajuster la ration, utiliser des gamelles anti-gloutons ou d'autres récipients ludiques pour environ 30% de la ration",transition_alimentaire;distribution_repas;suivi_poids_et_clinique;justification_clinique,4
69e76e3faaba882197210823,EX2,Mochi,0,"Conseils : Cuire le poulet à l'eau ou à la vapeur et le riz à l'eau (deux fois plus de temps que pour un humain); diviser le repas en plusieurs prises, effectuer une transition alimentaire, faire un suivi du poids toutes les deux semaines",transition_alimentaire;cuisson;distribution_repas;suivi_poids_et_clinique,4
69e76e48aaba882197210848,EX1,Isopp,0,Transition alimentaire pour le changement de ration sur 6j,transition_alimentaire,1
69e76e48aaba882197210848,EX1,Isopp,0,Diviser les repas,distribution_repas,1
69e76e48aaba882197210848,EX1,Isopp,0,Faire un suivi de l’animal et de son poids (toutes les deux semaines),suivi_poids_et_clinique,1
69e76e48aaba882197210848,EX2,Mochi,0,Cuire tous les aliments à l’eau (Riz deux fois plus longtemps que pour l’homme),cuisson,1
69e76e48aaba882197210848,EX2,Mochi,0,Transition alimentaire sur 6j,transition_alimentaire,1
69e76e48aaba882197210848,EX2,Mochi,0,Diviser les repas,distribution_repas,1
69e76e5faaba8821972108ad,EX1,Isopp,0,Faire une transition alimentaire pendant 6j,transition_alimentaire,1
69e76e5faaba8821972108ad,EX1,Isopp,0,Diviser la portion en plusieurs repas à distribuer dans la journée,distribution_repas,1
69e76e5faaba8821972108ad,EX1,Isopp,0,Suivre l'évolution du poids,suivi_poids_et_clinique,1
69e76e5faaba8821972108ad,EX2,Mochi,0,Conseils de cuisson: cuire le riz à l'eau deux fois plus longtemps que pour une cuisson déstinée à l'humain. Cuire le poulet et les haricots dans de l'eau,cuisson,1
69e76e5faaba8821972108ad,EX2,Mochi,0,Diviser la ration en plusieurs portions à distribuer dans la journée,distribution_repas,1
69e76e5faaba8821972108ad,EX2,Mochi,0,Faire une transition alimentaire en 6 jours,transition_alimentaire,1
69e76e5faaba8821972108ad,EX2,Mochi,0,Suivre l'évolution du poids,suivi_poids_et_clinique,1
69e76e63856a68218958d918,EX1,Isopp,0,Réaliser une transition alimentaire sur 3 semaines,transition_alimentaire,1
69e76e63856a68218958d918,EX1,Isopp,0,Augmenter l'activité physique du chien : 2 à 3h de balade par jour,activite_physique,1
69e76e63856a68218958d918,EX1,Isopp,0,Séparer les repas en plusieurs petits repas,distribution_repas,1
69e76e63856a68218958d918,EX2,Mochi ,0,Cuire le riz à l'eau,cuisson,1
69e76e63856a68218958d918,EX2,Mochi ,0,Cuire les courgettes et le poulet à la vapeur,cuisson,1
69e76e63856a68218958d918,EX2,Mochi ,0,Ajouter l'huile et le Vit'i5 après la cuisson,cuisson;ordre_ingredients;complementation_cmv,3
69e76e63856a68218958d918,EX2,Mochi ,0,"Enrichir l'environnement avec des jeux, mettre la nourriture dans des jeux",activite_physique,1
69e76e6436566621a8d78989,EX1,Isopp,0,Suivi du poids toutes les 2 semaines,suivi_poids_et_clinique,1
69e76e6436566621a8d78989,EX1,Isopp,0,Transition alimentaire en 6 jours,transition_alimentaire,1
69e76e6436566621a8d78989,EX2,Mochi,0,Transition alimentaire,transition_alimentaire,1
69e76e6436566621a8d78989,EX2,Mochi,0,suivi du poids toutes les 2 semaines,suivi_poids_et_clinique,1
69e76ea1856a68218958da19,EX1,Isopp,0,"Pour passer à cette nouvelle ration, il faut :",transition_alimentaire,1
69e76ea1856a68218958da19,EX1,Isopp,0,réaliser une transition alimentaire sur 6 jours,transition_alimentaire,1
69e76ea1856a68218958da19,EX1,Isopp,0,distribuer le repas en 2 à 3 fois par jour,distribution_repas,1
69e76ea1856a68218958da19,EX1,Isopp,0,cacher les croquettes dans une gamelle anti-glouton,distribution_repas;enrichissement_environnement,2
69e76ea1856a68218958da19,EX1,Isopp,0,réaliser un suivi du poids toutes les 2 semaines,suivi_poids_et_clinique,1
69e76ea1856a68218958da19,EX2,Mochi,0,"Pour passer à cette nouvelle ration, il faut :",transition_alimentaire,1
69e76ea1856a68218958da19,EX2,Mochi,0,réaliser une transition alimentaire sur 6 jours,transition_alimentaire,1
69e76ea1856a68218958da19,EX2,Mochi,0,"bien cuire la viande et le riz (cuisson vappeur de préférence, cuire le riz deux fois plus longtemps que la viande) ainsi que les haricots, ajouter l'huile et le vit'i5 après cuisson",cuisson;ordre_ingredients;complementation_cmv,3
69e76ea1856a68218958da19,EX2,Mochi,0,distribuer le repas entre 25 et 30 °C,distribution_repas,1
69e76ea1856a68218958da19,EX2,Mochi,0,répartir le repas en plusieurs fois sur la journée,distribution_repas,1
69e76ea1856a68218958da19,EX2,Mochi,0,faire un suivi du poids toutes les 2 semaines,suivi_poids_et_clinique,1
69e76ee436566621a8d78bd6,EX1,Isopp,0,transition alimentaire progressive (6 jours),transition_alimentaire,1
69e76ee436566621a8d78bd6,EX1,Isopp,0,fractionner les repas au cours de la journée,distribution_repas,1
69e76ee436566621a8d78bd6,EX1,Isopp,0,"favoriser la prise alimentaire ludique (gamelle anti glouton, jeux ...)",distribution_repas;activite_physique,2
69e76ee436566621a8d78bd6,EX1,Isopp,0,"ajouter des fibres (courgettes, haricots verts pour remplir l'estomac sans augmenter l'énergie apportée)",preparation_recette,1
69e76ee436566621a8d78bd6,EX1,Isopp,0,"suivi régulier du poids de l'animal : lors du plan perte de poids, l'animal doit perdre 5-10 % de son poids initial par semaine au maximum et si il ne perd pas, il faut réduire de nouveau l'apport",suivi_poids_et_clinique;objectif_poids,2
69e76ee436566621a8d78bd6,EX2,Mochi,0,transition alimentaire progressive (6 jours),transition_alimentaire,1
69e76ee436566621a8d78bd6,EX2,Mochi,0,fractionner les repas,distribution_repas,1
69e76ee436566621a8d78bd6,EX2,Mochi,0,bien cuire le riz à l'eau et le double du temps indiqué sur le paquet,cuisson,1
69e76ee436566621a8d78bd6,EX2,Mochi,0,cuire le poisson et les courgettes à l'eau,cuisson,1
69e76ee436566621a8d78bd6,EX2,Mochi,0,ajouter l'huile et le complément minéralo-vitaminé après la cuisson,cuisson;complementation_cmv,2
69e76ee436566621a8d78bd6,EX2,Mochi,0,réaliser un suivi du poids après la mise en place de la nouvelle ration,transition_alimentaire;suivi_poids_et_clinique,2
69e76ef836566621a8d78c46,EX1,Isopp,0,Conseils :,,0
69e76ef836566621a8d78c46,EX1,Isopp,0,effectuer une transition alimentaire (1 semaine),transition_alimentaire,1
69e76ef836566621a8d78c46,EX1,Isopp,0,faire un suivi du poids de l’animal toutes les 2 semaines,suivi_poids_et_clinique,1
69e76ef836566621a8d78c46,EX1,Isopp,0,utiliser une gamelle anti-glouton pour allonger le temps de prise de repas,distribution_repas,1
69e76ef836566621a8d78c46,EX2,Mochi,0,Conseils :,,0
69e76ef836566621a8d78c46,EX2,Mochi,0,effectuer une transition alimentaire (1 semaine),transition_alimentaire,1
69e76ef836566621a8d78c46,EX2,Mochi,0,cuire le poulet à la vapeur à cœur,cuisson,1
69e76ef836566621a8d78c46,EX2,Mochi,0,cuire le riz à l’eau 2 fois plus longtemps ou en mode sushi dans un cuiseur à riz,cuisson,1
69e76ef836566621a8d78c46,EX2,Mochi,0,servir la ration tiède,distribution_repas,1
69e76ef836566621a8d78c46,EX2,Mochi,0,ne rajouter le Vit’i5 qu’après avoir chauffer les aliments,,0
69e76ef836566621a8d78c46,EX2,Mochi,0,diviser la ration dans la journée,distribution_repas,1
69e76ef836566621a8d78c48,EX1,ISOPP,0,Suivi clinique toutes les deux semaines,suivi_poids_et_clinique,1
69e76ef836566621a8d78c48,EX1,ISOPP,0,Diviser la ration en au moins deux repas,distribution_repas,1
69e76ef836566621a8d78c48,EX1,ISOPP,0,Transition alimentaire pendant 6 jours,transition_alimentaire,1
69e76ef836566621a8d78c48,EX2,Mochi,0,Suivi clinique toutes les deux semaines,suivi_poids_et_clinique,1
69e76ef836566621a8d78c48,EX2,Mochi,0,Transition alimentaire,transition_alimentaire,1
69e76ef836566621a8d78c48,EX2,Mochi,0,Diviser les repas,distribution_repas,1
69e76ef836566621a8d78c48,EX2,Mochi,0,Proposer des jeux pour l'alimentation,activite_physique,1
69e76efa36566621a8d78c55,EX1,Isopp,0,Transition alimentaire sur 6 jours,transition_alimentaire,1
69e76efa36566621a8d78c55,EX1,Isopp,0,Diviser les repas en 2/3 fois par jours,distribution_repas,1
69e76efa36566621a8d78c55,EX1,Isopp,0,suivit du poids toutes les 1/2 semaines,,0
69e76efa36566621a8d78c55,EX2,Mochi,0,cuisson à l'eau pour le riz et le colin ( riz: cuire deux fois plus longtemps que pour humain),cuisson,1
69e76efa36566621a8d78c55,EX2,Mochi,0,séparer la ration en plusieurs repas par jours,distribution_repas,1
69e76efa36566621a8d78c55,EX2,Mochi,0,transtion alimentaire possible,,0
69e76efa36566621a8d78c55,EX2,Mochi,0,vérifier que le poids de l'aniaml ne varie pas,suivi_poids_et_clinique,1
69e76efc36566621a8d78c85,EX1,Isopp,0,Eau à volonté,hydratation_eau,1
69e76efc36566621a8d78c85,EX1,Isopp,0,Transition alimentaire sur 7j,transition_alimentaire,1
69e76efc36566621a8d78c85,EX1,Isopp,0,Suivi du poids très régulié et rendez-vous à la clinique dans 15j puis dans 1 mois,suivi_poids_et_clinique,1
69e76efc36566621a8d78c85,EX1,Isopp,0,Distribuer la ration en deux voire trois fois suivant les possibilités,distribution_repas,1
69e76efc36566621a8d78c85,EX2,Mochi,0,Eau à volonté,hydratation_eau,1
69e76efc36566621a8d78c85,EX2,Mochi,0,Bien cuire le riz (doubler le temps de cuisson pour humain),cuisson,1
69e76efc36566621a8d78c85,EX2,Mochi,0,Cuire le poulet à la vapeur,cuisson,1
69e76efc36566621a8d78c85,EX2,Mochi,0,Suivre du poids très régulièrement et visite de contrôle dbs 1 mois,,0
69e76efc36566621a8d78c85,EX2,Mochi,0,transition alimentaire sur 6j,transition_alimentaire,1
69e76efc36566621a8d78c85,EX2,Mochi,0,ajouter l'huile de colza et le vit'i 5 orange directement dans la gamelle sans cuisson,cuisson;complementation_cmv,2
69e76efc36566621a8d78c85,EX2,Mochi,0,distribuer la ration en deux fois,distribution_repas,1
69e76efd36566621a8d78c97,EX1,Isopp,0,Faire une transition alimentaire sur 6 jours,transition_alimentaire,1
69e76efd36566621a8d78c97,EX1,Isopp,0,Diviser la nouvelle ration en plusieurs repas à donner au fil de la journée + mettre des gamelles ludiques,transition_alimentaire;distribution_repas,2
69e76efd36566621a8d78c97,EX1,Isopp,0,Faire un suivi du poids toutes les semaines,suivi_poids_et_clinique,1
69e76efd36566621a8d78c97,EX2,Mochi,0,Faire une transition alimentaire sur 6jours avec sa ration actuelle,transition_alimentaire,1
69e76efd36566621a8d78c97,EX2,Mochi,0,Faire bien cuire et à l'eau le colin et le riz blanc (faire cuire 2 fois plus longtemps le riz que pour les humains),cuisson,1
69e76efd36566621a8d78c97,EX2,Mochi,0,Donner le repas en plusieurs fois dans la journée,distribution_repas,1
69e76efd36566621a8d78c97,EX2,Mochi,0,Faire un suivi du poids pour vérifier que la ration lui convient (si besoin on ajustera le K),suivi_poids_et_clinique,1
69e76f00856a68218958dc27,EX1,Isopp,0,Ajouter une gamelle anti-glouton,distribution_repas,1
69e76f00856a68218958dc27,EX1,Isopp,0,Faire visite de contrôle du poids chez le vétérinaire dans le mois après le début du changement d'alimentation,,0
69e76f00856a68218958dc27,EX1,Isopp,0,"Réaliser une transition alimentaire sur 5 jours, en remplaçant chaque jour 20% supplémentaires de l'ancienne ration par la nouvelle",transition_alimentaire,1
69e76f00856a68218958dc27,EX2,Mochi,0,Peser les aliments crus,cuisson;suivi_poids_et_clinique,2
69e76f00856a68218958dc27,EX2,Mochi,0,Opter pour un mode de cuisson vapeur. Idéalement àl'aide d'un cuiseur à riz,cuisson,1
69e76f00856a68218958dc27,EX2,Mochi,0,Faire une visite de contrôle dans 4 semaines pour vérifier le poids de Mochi et discuter de sa nouvelle ration,transition_alimentaire,1
69e76f0caaba882197210c3f,EX1,Isopp,1,Il faut changer l'alimentation progressivement sur une semaine,transition_alimentaire,1
69e76f0caaba882197210c3f,EX1,Isopp,1,Ne pas hésiter à humidifier les croquettes pour couper la satiété si besoin,preparation_recette;satiete_appetit,2
69e76f0caaba882197210c3f,EX2,Mochi,0,"Bien faire cuire les aliments à la vapeur (surtout le riz, plus qu'on ne le ferait pour un humain)",cuisson,1
69e76f1a36566621a8d78d8f,EX1,Isopp,0,Transition alimentaire 75% ancienne ration/ 25 % nouvelle ration pendant 3 jours,transition_alimentaire,1
69e76f1a36566621a8d78d8f,EX1,Isopp,0,50% ancienne ration / 50% nouvelle ration pendant 3 jours,transition_alimentaire,1
69e76f1a36566621a8d78d8f,EX1,Isopp,0,25 % ancienne ration / 75 % nouvelle ration pendant 3 jours,transition_alimentaire,1
69e76f1a36566621a8d78d8f,EX1,Isopp,0,puis 100 % nouvelle ration,transition_alimentaire,1
69e76f1a36566621a8d78d8f,EX1,Isopp,0,"Suivi régulier du poids, environ toutes les 2 semaines",suivi_poids_et_clinique,1
69e76f1a36566621a8d78d8f,EX1,Isopp,0,Si besoin diviser la ration en 3 repas dans la journée,distribution_repas,1
69e76f1a36566621a8d78d8f,EX2,Mochi,0,Conseil cuisson : le poisson et le riz doivent être cuits à l'eau,cuisson,1
69e76f1a36566621a8d78d8f,EX2,Mochi,0,Le riz doit être cuit 2x plus de temps qu'en humaine car cela favorise la digestibilité de l'amidon,cuisson;justification_clinique,2
69e76f1a36566621a8d78d8f,EX2,Mochi,0,L' huile et le vit'i5 doivent être ajoutés à la fin de la préparation pour ne pas les endommager,complementation_cmv,1
69e76f1a36566621a8d78d8f,EX2,Mochi,0,Découper la ration en 2 voir 3 repas,morceaux_decoupe,1
69e76f2b36566621a8d78dde,EX1,Isopp,0,"Ration actuelle trop pauvre en protéines, expliquant la faim constante d'Isopp, et trop grosse couverture énergétique",,0
69e76f2b36566621a8d78dde,EX1,Isopp,0,"Nouvelle ration proposée de la gamme Royal Canin, plus riche en protéines et couverture énergétique plus adaptée",transition_alimentaire,1
69e76f2b36566621a8d78dde,EX1,Isopp,0,"Diviser la ration en plusieurs repas par jour, idéalement 2 ou 3 repas",distribution_repas,1
69e76f2b36566621a8d78dde,EX1,Isopp,0,Proposer la ration avec des enrichissements comme des tapis de fouille ou gamelle anti-glouton par exemple,distribution_repas;enrichissement_environnement,2
69e76f2b36566621a8d78dde,EX1,Isopp,0,Faire une transition alimentaire sur 6 jours,transition_alimentaire,1
69e76f2b36566621a8d78dde,EX1,Isopp,0,Faire un suivi du poids afin de voir si la nouvelle ration convient à Isopp,transition_alimentaire;suivi_poids_et_clinique,2
69e76f2b36566621a8d78dde,EX2,Mochi,0,"Ration ménagère proposée contenant une source de protéines, une source de fibres, une source d'énergie, une source d'acides gras essentiels et un complément minéralo-vitaminé",complementation_cmv,1
69e76f2b36566621a8d78dde,EX2,Mochi,0,Cuisson à l'eau pour le poisson et le riz (2 fois plus longtemps que pour les humains),cuisson,1
69e76f2b36566621a8d78dde,EX2,Mochi,0,Légumes cuits à la vapeur,cuisson,1
69e76f2b36566621a8d78dde,EX2,Mochi,0,Faire une transition alimentaire,transition_alimentaire,1
69e76f2b36566621a8d78dde,EX2,Mochi,0,Faire un suivi du poids toutes les 2 semaines pour voir si cela convient à Mochi,suivi_poids_et_clinique,1
69e76f2f36566621a8d78df2,EX1,Isopp,0,Prévoir une transition alimentaire sur 6 jours,transition_alimentaire,1
69e76f2f36566621a8d78df2,EX1,Isopp,0,Répartir la distribution de la ration au cours de la journée,distribution_repas,1
69e76f2f36566621a8d78df2,EX1,Isopp,0,Utiliser une gamelle anti-glouton,distribution_repas,1
69e76f2f36566621a8d78df2,EX1,Isopp,0,Donner l'alimentation sous forme de jeux,activite_physique,1
69e76f2f36566621a8d78df2,EX1,Isopp,0,Surveiller le poids toutes les deux semaines + consultations de suivi,suivi_poids_et_clinique,1
69e76f2f36566621a8d78df2,EX1,Isopp,0,(Augmenter l'activité physique pour plus de dépense énergétique),activite_physique,1
69e76f2f36566621a8d78df2,EX2,Mochi,0,Prévoir une transition alimentaire sur 6 jours,transition_alimentaire,1
69e76f2f36566621a8d78df2,EX2,Mochi,0,Cuire le colin et le riz à l'eau (pour le riz cuire 2 fois plus longtemps que pour l'homme),cuisson,1
69e76f2f36566621a8d78df2,EX2,Mochi,0,Répartir l'alimentation en plusieurs prises alimentaires dans la journée,distribution_repas,1
69e76f2f36566621a8d78df2,EX2,Mochi,0,Donner l'alimentation sous forme de jeux,activite_physique,1
69e76f2f36566621a8d78df2,EX2,Mochi,0,Suivre le poids de Mochi toutes les 2 semaines + suivi vétérinaire en consultation,suivi_poids_et_clinique,1
69e76f40aaba882197210d42,EX1,Isopp,0,"La ration actuelle présente un déficit protéique, pouvant être lié au fait qu'Isopp ait constamment faim",,0
69e76f40aaba882197210d42,EX1,Isopp,0,Il faut effectuer une transition alimentaire avec la nouvelle ration sur 6 jours,transition_alimentaire,1
69e76f40aaba882197210d42,EX1,Isopp,0,Rajouter de l'exercice progressivement à Isopp,activite_physique,1
69e76f40aaba882197210d42,EX1,Isopp,0,"Il faut également faire un suivi vétérinaire avec notamment un suivi de l'évolution du poids, afin de pouvoir réadapter la ration si nécessaire",suivi_poids_et_clinique,1
69e76f40aaba882197210d42,EX2,Mochi,0,Faire une transition alimentaire sur 6 jours,transition_alimentaire,1
69e76f40aaba882197210d42,EX2,Mochi,0,"Bien cuire le colin, le riz et les haricots, à l'eau, sans ajouter quoi que ce soit",cuisson,1
69e76f40aaba882197210d42,EX2,Mochi,0,Faire un suivi régulier du poids de Mochi,suivi_poids_et_clinique,1
69e76f4daaba882197210d90,EX1,Isopp,0,Nouvelle ration à integrer par transition alimentaire,transition_alimentaire,1
69e76f4daaba882197210d90,EX1,Isopp,0,Donner 250 grammes par jours séparés en 2 ou 3 repas,,0
69e76f4daaba882197210d90,EX1,Isopp,0,Possibité d'utiliser une gamelle anti-glouton,distribution_repas,1
69e76f4daaba882197210d90,EX1,Isopp,0,Augmenter si possible l'activité sportive,activite_physique,1
69e76f4daaba882197210d90,EX1,Isopp,0,"Suivit de poid obligatoire chaque semaine, prendre rendez-vous avec le vétérinaire prochainement",suivi_poids_et_clinique,1
69e76f58aaba882197210db5,EX1,Isopp,0,Les croquettes Satiety Royal Canin sont plus riche en protéine ce qui permettra une meilleure satiété et aidera pour la perte de poids,objectif_poids;satiete_appetit,2
69e76f58aaba882197210db5,EX1,Isopp,0,Faire une transition alimentaire pendant 1 semaine,transition_alimentaire,1
69e76f58aaba882197210db5,EX1,Isopp,0,Faire un suivi du poids régulier,suivi_poids_et_clinique,1
69e76f58aaba882197210db5,EX2,Mochi,0,"Pour une ration ménagère, veuillez à la cuisson du riz (plus longtemps que pour un adulte) et du colin qui doit être cuit à la vapeur",cuisson,1
69e76f58aaba882197210db5,EX2,Mochi,0,Faire un suivit du poids et ajuster les quantités si besoin,,0
69e76f5d36566621a8d78ec5,EX1,Isopp,0,"Avec la ration actuelle, on observe une couverture trop grande du besoin énergétique et en même temps une ration un peu faible en protéines",,0
69e76f5d36566621a8d78ec5,EX1,Isopp,0,"On va chercher un aliment avec une densité énergétique plus faible pour calmer sa faim, et possiblement un peu plus riche en protéines",,0
69e76f5d36566621a8d78ec5,EX1,Isopp,0,"On pourrait partir sur une ration journalière de 325 g/j de Royal Canin Satiety, qui aurait une densité énergétique plus faible donc plus adaptée à sa faim tout en apportant une meilleur couverture pour les protéines (d'autres aliments sont toutefois envisageables mais moins idéal pour ces protéines justement, et on reste ici sur la même marque de croquettes)",,0
69e76f5d36566621a8d78ec5,EX1,Isopp,0,On pourrait éventuellement baisser un peu cette quantité pour diminuer l'énergie apportée mais proposer une ration comblant sa faim et avec un apport en énergie adapté est déjà un bon début,objectif_poids,1
69e76f5d36566621a8d78ec5,EX1,Isopp,0,Pour la transition alimentaire il est recommandé de la faire sous 6 jours en mélangeant avec ses anciennes croquettes,transition_alimentaire,1
69e76f5d36566621a8d78ec5,EX1,Isopp,0,Le faire manger en compagnie d'autres chiens permettrait également d'augmenter l'appétence pour cette nouvelle ration,transition_alimentaire,1
69e76f5d36566621a8d78ec5,EX1,Isopp,0,"Enfin, et ce d'autant plus si il a déjà tendance à avoir faim, proposer la ration dans divers jeux pour augmenter la difficulté d'accès à la nourriture et ainsi qu'il mange plus lentement serait une bonne idée",distribution_repas;activite_physique,2
69e76f5e36566621a8d78ec9,EX1,Isopp,0,transition alimentaire pendant 6jours,transition_alimentaire,1
69e76f5e36566621a8d78ec9,EX1,Isopp,0,diviser la ration et la donner en plusieurs fois,distribution_repas,1
69e76f5e36566621a8d78ec9,EX2,Mochi,0,"conseil de cuisson : cuire le riz, les haricots et le poisson à l'eau et à la vapeur (attention le riz doit cuire 2 fois plus longtemps que chez les humains)",cuisson,1
69e76f5e36566621a8d78ec9,EX2,Mochi,0,transition alimentaire pendant 6jours,transition_alimentaire,1
69e76f5e36566621a8d78ec9,EX2,Mochi,0,diviser les rations et les donner en plusieurs fois,distribution_repas,1
69e76f68aaba882197210dec,EX2,Mochi,0,Conseils pour la préparation :,,0
69e76f68aaba882197210dec,EX2,Mochi,0,Faire cuire le poulet et le riz à l'eau (deux fois plus que pour nous pour le riz),cuisson,1
69e76f68aaba882197210dec,EX2,Mochi,0,Faire cuire les haricots à la vapeur,cuisson,1
69e76f68aaba882197210dec,EX2,Mochi,0,Transition alimentaire sur 6 jours,transition_alimentaire,1
69e76f68aaba882197210dec,EX2,Mochi,0,Suivi du poids toutes les deux semaines,suivi_poids_et_clinique,1
69e76f68aaba882197210dec,EX2,Mochi,0,Diviser la ration pour une prise en plusieurs fois dans la journée,distribution_repas,1
69e76f68aaba882197210dec,EX1,Isopp,0,Réaliser un suivi de poids toutes les deux semaines,suivi_poids_et_clinique,1
69e76f68aaba882197210dec,EX1,Isopp,0,Faire une transition alimentaire sur 6 jours,transition_alimentaire,1
69e76f68aaba882197210dec,EX1,Isopp,0,Fractionner la ration en plusierus fois dans la journée (idéalement 3),distribution_repas,1
69e76f84856a68218958de62,Ex1,Isopp,0,Ration actuelle trop riche énergétiquement,,0
69e76f84856a68218958de62,Ex1,Isopp,0,"La ration est pauvre en protéines ce qui peut expliquer le comportement ""glouton"" du chien qui ne ressent pas de sentiment de satiété",satiete_appetit,1
69e76f84856a68218958de62,Ex1,Isopp,0,On cherche un aliment moins dense en énergie et plus protéiné,,0
69e76f84856a68218958de62,Ex1,Isopp,0,On veut une perte de poid mais trop brutalement,objectif_poids,1
69e76f84856a68218958de62,Ex1,Isopp,0,"La transition alimentaire se fait sur 10 jours, on favorise une prise sociale, on peut humidifié si l'appétence est moindre (on a moins de lipides dans la nouvelle ration)",transition_alimentaire;aspects_sociaux,2
69e76f84856a68218958de62,Ex1,Isopp,0,On fait un suivi du poids tous les 15 jours pour voir s'il faut rajuster la ration,suivi_poids_et_clinique,1
69e76f84856a68218958de62,EX2,Mochi ,0,Attention à cuire plus longtemps les éléments que pour un être humain. La transition alimentaire doit se faire sur 10 jours et on fait un suivi du poid,transition_alimentaire;cuisson;suivi_poids_et_clinique,3
69e76f94aaba882197210e96,EX1,Isopp,0,Transition alimentaire sur 6 jours,transition_alimentaire,1
69e76f94aaba882197210e96,EX1,Isopp,0,Suivi du poids,suivi_poids_et_clinique,1
69e76f94aaba882197210e96,EX2,Mochi,0,"Cuisson à l'eau pour le colin, les haricots et le riz. Faire cuire le riz deux fois plus longtemps que pour une consommation humaine",cuisson,1
69e76f94aaba882197210e96,EX2,Mochi,0,Pas de transition alimentaire,transition_alimentaire,1
69e76f94aaba882197210e96,EX2,Mochi,0,Suivi de poids,suivi_poids_et_clinique,1
69e76fa6aaba882197210ef5,EX1,Isopp,0,"Découper la ration en trois repas, faire un suivi de poids toutes les deux semaines (avec les ASV ou le vétérinaire), utiliser des gamelles anti-gloutons ou autres jouets pour rallonger et complexifier la prise alimentaire, eau à volonté, faire une transition alimentaire sur 6j",transition_alimentaire;suivi_poids_et_clinique;hydratation_eau;morceaux_decoupe,4
69e76fa6aaba882197210ef5,EX2,Mochi,0,"Cuire le poisson et le riz à l'eau (cuire le riz deux fois plus longtemps que chez l'homme), faire une transition alimentaire sur 6j, faire un suivi avec le vétérinaire (ou une ASV), découper la ration en plusieurs repas, eau à volonté",transition_alimentaire;cuisson;distribution_repas;suivi_poids_et_clinique;hydratation_eau;morceaux_decoupe,6
69e76fb036566621a8d7901c,EX1,Isopp,0,Suivi du poids toutes les deux semaines,suivi_poids_et_clinique,1
69e76fb036566621a8d7901c,EX1,Isopp,0,Transition alimentaire sur 6 jours,transition_alimentaire,1
69e76fb036566621a8d7901c,EX1,Isopp,0,Gamelle anti-glouton,distribution_repas,1
69e76fb036566621a8d7901c,EX1,Isopp,0,Répartir les repas dans la journée,distribution_repas,1
69e76fb036566621a8d7901c,EX2,Mochi,0,Suivi du poids toutes les deux semaines,suivi_poids_et_clinique,1
69e76fb036566621a8d7901c,EX2,Mochi,0,Transition alimentaire sur 6 jours,transition_alimentaire,1
69e76fb036566621a8d7901c,EX2,Mochi,0,Répartir les repas sur la journée,distribution_repas,1
69e76fbf856a68218958df74,EX1,Isopp,0,"passer sur la gamme saciety, avec une transition sur 6 jours (1/4 de nouvelles croquettes pendant 2 jours, puis 1/2 et les deux dernier jours faire 3/4)",transition_alimentaire,1
69e76fbf856a68218958df74,EX1,Isopp,0,possibilité d'ajouter des courgettes dans la ration pour la saciété,,0
69e76fbf856a68218958df74,EX2,Mochi,0,donner le repas en plusieur fois dans la journée,distribution_repas,1
69e76fc8aaba882197210f7c,EX1,Isopp,0,Effectuer une transition alimentaire sur 6 jours :,transition_alimentaire,1
69e76fc8aaba882197210f7c,EX1,Isopp,0,"2 jours 3/4 ancienne ration, 1/4 nouvelle",transition_alimentaire,1
69e76fc8aaba882197210f7c,EX1,Isopp,0,2 jours avec une moitié de chaque,,0
69e76fc8aaba882197210f7c,EX1,Isopp,0,2 jours 1/4 ancienne ration 3/4 nouvelle,transition_alimentaire,1
69e76fc8aaba882197210f7c,EX1,Isopp,0,Effectuer un suivi régulier du poids (toutes les 2 semaines environ) afin de suivre la perte de poids,suivi_poids_et_clinique;objectif_poids,2
69e76fc8aaba882197210f7c,EX1,Isopp,0,Diviser la ration en 2 ou 3 repas quotidien,distribution_repas,1
69e76fc8aaba882197210f7c,EX2,Mochi,0,Effectuer une transition alimentaire sur une semaine en introduisant porgressivement la ration ménagère,transition_alimentaire,1
69e76fc8aaba882197210f7c,EX2,Mochi,0,Cuire la viande à la vapeur et cuire le riz deux fois plus longtemps que pour la consommation humaine,cuisson,1
69e76fc8aaba882197210f7c,EX2,Mochi,0,Essayer de cacher de la nourriture dans des jeux afin d'occuper le chat,activite_physique,1
69e76fc8aaba882197210f7c,EX2,Mochi,0,Diviser la ration en plusieurs petits repas dans la journée,distribution_repas,1
69e76fdc36566621a8d790e5,EX1,Isopp,0,Réaliser une transition alimentaire sur une semaine,transition_alimentaire,1
69e76fdc36566621a8d790e5,EX1,Isopp,0,Proposer la ration en 2 à 3 fois par jour,distribution_repas,1
69e76fdc36566621a8d790e5,EX1,Isopp,0,Réaliser un suivi de poids de Isopp toutes les deux semaines,suivi_poids_et_clinique,1
69e76fdc36566621a8d790e5,EX2,Mochi,0,Réaliser une transition alimentaire d'une semaine avec l'alimentation actuelle,transition_alimentaire,1
69e76fdc36566621a8d790e5,EX2,Mochi,0,Proposer la ration en plusieurs distributions par jour,distribution_repas,1
69e76fdc36566621a8d790e5,EX2,Mochi,0,Proposer des jeux pour occuper Mochi,activite_physique,1
69e76fdc36566621a8d790e5,EX2,Mochi,0,Réaliser un suivi de poids pour s'assurer de la correspondance de la ration avec les besoins de Mochi,suivi_poids_et_clinique,1
69e76fe0856a68218958e009,EX1,Isopp,0,on réalisera un suivi du poids d’Isopp toutes les 2 semaines,suivi_poids_et_clinique,1
69e76fe0856a68218958e009,EX1,Isopp,0,Mettre en place une gamelle anti-glouton,distribution_repas,1
69e76fe0856a68218958e009,EX1,Isopp,0,Diviser les repas en 2 ou 3 fois,distribution_repas,1
69e76fe0856a68218958e009,EX1,Isopp,0,Réaliser une transition alimentaire sur 6 jours,transition_alimentaire,1
69e76fe0856a68218958e009,EX2,Mochi,0,Bien cuire le riz (2 fois plus que pour l’Homme),cuisson,1
69e76fe0856a68218958e009,EX2,Mochi,0,Répartir le repas sur la journée,distribution_repas,1
69e76fe0856a68218958e009,EX2,Mochi,0,Transition alimentaire sur quelques jours,transition_alimentaire,1
69e76fe0856a68218958e009,EX2,Mochi,0,Réaliser un suivi du poids,suivi_poids_et_clinique,1
69e76fe0856a68218958e009,EX2,Mochi,0,Ajouter les vitamines et les huiles en fin de cuisson pour préserver leurs propriétés,cuisson;complementation_cmv,2
69e76fff36566621a8d79173,EX1,Isopp,0,"La ration actuelle d'Isopp était trop dense en énergie pour lui, les croquettes étant pour animaux entier",justification_clinique,1
69e76fff36566621a8d79173,EX1,Isopp,0,"Ces nouvelles croquettes sont moins denses en énergie et plus riche en protéine, ce qui devrait aider pour sa perte de poids et sa satiété",objectif_poids;satiete_appetit,2
69e76fff36566621a8d79173,EX1,Isopp,0,Faire une transition alimentaire sur 6 jours,transition_alimentaire,1
69e76fff36566621a8d79173,EX1,Isopp,0,Suivre le poids toutes les semaines,suivi_poids_et_clinique,1
69e76fff36566621a8d79173,EX1,Isopp,0,Humidifier l'alimentation pour aider à la satiété,preparation_recette;satiete_appetit,2
69e76fff36566621a8d79173,EX2,Mochi,0,Faire une transition alimentaire sur 6 jours. Il faut veiller à bien cuire l'ensemble des ingrédients à l'eau. Le riz doit être cuit deux fois plus longtemps que pour les humains,transition_alimentaire;cuisson,2
69e7700caaba8821972110ca,EX1,Isopp,0,Faire une transition alimentaire en 6 jours,transition_alimentaire,1
69e7700caaba8821972110ca,EX1,Isopp,0,Faire un suivi chez le vétérinaire ou au moins un suivi du poids toutes les deux semaines,suivi_poids_et_clinique,1
69e7700caaba8821972110ca,EX1,Isopp,0,Humidifier les croquettes,preparation_recette,1
69e7700caaba8821972110ca,EX1,Isopp,0,Diviser les repas en 2 fois par jour,distribution_repas,1
69e7700caaba8821972110ca,EX2,Mochi,0,Cuire le poisson et le riz à l'eau,cuisson,1
69e7700caaba8821972110ca,EX2,Mochi,0,Faire cuire le riz deux fois plus longtemps que pour les humains,cuisson,1
69e7700caaba8821972110ca,EX2,Mochi,0,Diviser le repas en deux repas par jour,distribution_repas,1
69e7701236566621a8d791c2,EX1,Isopp,0,Répartir la ration sur plusieurs repas par jour,distribution_repas,1
69e7701236566621a8d791c2,EX1,Isopp,0,Réaliser une transition alimentaire sur 6 jours,transition_alimentaire,1
69e7701236566621a8d791c2,EX1,Isopp,0,Utiliser des gamelles anti-glouton,distribution_repas,1
69e7701236566621a8d791c2,EX1,Isopp,0,Possible d'humidifier la ration ou de rajouter des courgettes pour la saciété,preparation_recette,1
69e7701236566621a8d791c2,EX2,Mochi,0,"Cuire les aliments à l'eau, sans sel. Pour le riz, cuire 2 fois plus que pour un humain",cuisson,1
69e7701236566621a8d791c2,EX2,Mochi,0,Réaliser une transition alimentaire sur 6 jours,transition_alimentaire,1
69e7701f36566621a8d791f3,EX1,Isopp,0,"Je conseil, comme nouvelle ration, les croquettes satiety de chez royal canin, 325 g/Jour",transition_alimentaire,1
69e7701f36566621a8d791f3,EX1,Isopp,0,"Je conseil d’effectuer une transition alimentaire pendant 5 jours, de donner la ration sur plusieurs repas, et de faire un suivit de poids de l’animal en le pesant toutes les deux semaines",transition_alimentaire;distribution_repas,2
69e7701f36566621a8d791f3,EX2,Mochi ,0,"Pour la préparation de la ration alimentaire, il faut faire cuire le riz et le colin dans l’eau",cuisson,1
69e7701f36566621a8d791f3,EX2,Mochi ,0,"Attention, pour le riz, il faut faire cuire deux fois plus longtemps que pour nous",cuisson,1
69e7701f36566621a8d791f3,EX2,Mochi ,0,"Je conseils aussi une transition alimentaire durant 5 jours, et un suivit de poid toutes les deux semaines",transition_alimentaire,1
69e77027856a68218958e148,EX1,Isopp,0,il faudra réaliser une transition alimentaire sur au moins 1 semaine ( 25% nouvelles croquettes et 75% des anciennes pour J1 à 3 puis 50/50 des deux paquets à J4-J5 et puis 75% des nouvelles et 25% des anciennes à J6 et J7 pour finir après J7 passer à 100% des nouvelles),transition_alimentaire,1
69e77027856a68218958e148,EX1,Isopp,0,Mettre en place une gamelle antiglouton pour ralentir la prise de repas,distribution_repas,1
69e77027856a68218958e148,EX1,Isopp,0,Un suivi de poids devra être fait régulièrement pour adapter la ration si besoin,suivi_poids_et_clinique,1
69e77027856a68218958e148,EX2,Mochi,1,possibilité de faire une transition alimentaire mais ce n'est pas obligatoire,transition_alimentaire,1
69e77027856a68218958e148,EX2,Mochi,1,diviser la ration en plusieurs petits repas afin d'éviter que l'aliment reste à l'air,distribution_repas,1
69e77027856a68218958e148,EX2,Mochi,1,étapes de préparation et conseils :,,0
69e77027856a68218958e148,EX2,Mochi,1,faire cuire le riz plus que pour une ration humaine à l'autcuiseur à riz,cuisson,1
69e77027856a68218958e148,EX2,Mochi,1,faire cuire le poisson et les légumes à l'autocuiseur,cuisson,1
69e77027856a68218958e148,EX2,Mochi,1,ajouter l'huile et les vitamines à la fin de la préparation,complementation_cmv,1
69e77029aaba88219721115e,EX1,Isopp,0,"Passer aux croquettes Royal Canin Satiety, 365g de croquettes par jour",,0
69e77029aaba88219721115e,EX1,Isopp,0,"Réaliser une transition alimentaire sur 6 jours (en rajoutant au fur et à mesure les nouvelles croquettes tout en diminuant parallèlement les anciennes), ainsi qu'un suivi régulier du poids, et un contrôle vétérinaire dans 1 à 2 mois",transition_alimentaire;suivi_poids_et_clinique,2
69e77029aaba88219721115e,EX1,Isopp,0,Réaliser deux à trois repas par jours,,0
69e77029aaba88219721115e,EX1,Isopp,0,"(Si possible, faire faire un peu d'activité au chien)",activite_physique,1
69e77029aaba88219721115e,EX2,Mochi,0,"Cuire les courgettes et le poulet à la vapeur, le riz blanc à l'eau",cuisson,1
69e77029aaba88219721115e,EX2,Mochi,0,Ajouter le Vit'i5 ainsi que l'huile de colza à la fin,complementation_cmv,1
69e77029aaba88219721115e,EX2,Mochi,0,"Réaliser plusieurs repas (10-12) par jour, avec des jeux ludiques (70% de cachettes faciles, 30% de plus difficile) si possible",distribution_repas;activite_physique,2
69e7702baaba882197211193,EX1,Isopp,0,"Changement de gamme de croquette : Royal Canin Satiety. Cette nouvelle ration permet de couvrir les besoins énergétiques d'Isopp, en étant moins dense énergétiquement parlant",transition_alimentaire;justification_clinique,2
69e7702baaba882197211193,EX1,Isopp,0,La ration augmente afin de résoudre le problème de satiété,satiete_appetit,1
69e7702baaba882197211193,EX1,Isopp,0,Pour le changement de ration :,transition_alimentaire,1
69e7702baaba882197211193,EX1,Isopp,0,2 jours avec 1 quart de la nouvelle ration et 3 quarts de l'ancienne,transition_alimentaire,1
69e7702baaba882197211193,EX1,Isopp,0,2 jours avec la moitié de la nouvelle ration et la moitié de l'ancienne,transition_alimentaire,1
69e7702baaba882197211193,EX1,Isopp,0,2 jours avec 3 quarts de la nouvelle ration et 1 quart de l'ancienne,transition_alimentaire,1
69e7702baaba882197211193,EX2,Mochi ,0,Ration ménagère pour Mochi avec :,,0
69e7702baaba882197211193,EX2,Mochi ,0,Source de protéine : lieu/colin cru,cuisson,1
69e7702baaba882197211193,EX2,Mochi ,0,Source de fibre : haricot vert,,0
69e7702baaba882197211193,EX2,Mochi ,0,Source d'énergie : riz blanc cru,cuisson,1
69e7702baaba882197211193,EX2,Mochi ,0,Source de lipides : huile de colza,,0
69e7702baaba882197211193,EX2,Mochi ,0,Vitamines : Viti5,complementation_cmv,1
69e7702c36566621a8d7927f,EX1,Isopp,0,Réaliser une transition alimentaire de 1 semaine,transition_alimentaire,1
69e7702c36566621a8d7927f,EX1,Isopp,0,Répartir la ration en 2 à 3 repas par jour,distribution_repas,1
69e7702c36566621a8d7927f,EX1,Isopp,0,Mettre les croquettes dans des jeux et des gamelles anti glouton,distribution_repas;activite_physique,2
69e7702c36566621a8d7927f,EX1,Isopp,0,Faire un suivi du poids de l'animal (normalement diminution du poids),suivi_poids_et_clinique,1
69e7702c36566621a8d7927f,EX2,Mochi,0,Réaliser une transition alimentaire,transition_alimentaire,1
69e7702c36566621a8d7927f,EX2,Mochi,0,"Cuire le poulet et le riz à l'eau (2 fois plus longtemps que le temps de cuisson du riz de base) puis ajouter l'huile, les haricots et le Vit'i5 après",cuisson;ordre_ingredients;complementation_cmv,3
69e7702c36566621a8d7927f,EX2,Mochi,0,Séparer en plusieurs repas sur la journée,distribution_repas,1
69e7702c36566621a8d7927f,EX2,Mochi,0,Faire un suivi du poids,suivi_poids_et_clinique,1
69e7703436566621a8d792ce,EX1,Isopp,0,Donner la ration en plusieurs repas,distribution_repas,1
69e7703436566621a8d792ce,EX1,Isopp,0,Faire une transition alimentaire sur 6 jours,transition_alimentaire,1
69e7703436566621a8d792ce,EX1,Isopp,0,Donner la ration dans une gamelle anti-glouton,distribution_repas,1
69e7703436566621a8d792ce,EX1,Isopp,0,Faire un suivi du poid de l'animal toutes les semaines ou deux semaines,suivi_poids_et_clinique,1
69e7703436566621a8d792ce,EX2,Mochi,0,Transition alimentaire sur 6 jours conseillée,transition_alimentaire,1
69e7703436566621a8d792ce,EX2,Mochi,0,Donner la rations en plusieurs repas répartis sur la journée,distribution_repas,1
69e7703436566621a8d792ce,EX2,Mochi,0,Faire un suivi du poid de l'animal toutes les deux semaines,suivi_poids_et_clinique,1
69e7703436566621a8d792d2,EX1,Isopp,0,"Réaliser une transition alimentaire avec la nouvelle ration. Utiliser une gamelle anti-glouton, et proposer des jeux pour éviter une prise alimentaire trop rapide",transition_alimentaire;distribution_repas;activite_physique,3
69e7703436566621a8d792d2,EX1,Isopp,0,Un suivi de poids doit être réalisé (1 fois par semaine),suivi_poids_et_clinique,1
69e7703436566621a8d792d2,EX2,Mochi,0,"Surtout bien cuire le poulet, et le riz (deux fois plus longtemps que d'habitude)",cuisson,1
69e7703436566621a8d792d2,EX2,Mochi,0,Réaliser une transition alimentaire avec l'ancienne ration,transition_alimentaire,1
69e7703436566621a8d792d2,EX2,Mochi,0,Réaliser un suivi du poids,suivi_poids_et_clinique,1
69e7703daaba882197211220,EX1,Isopp,0,diviser la ration en 3 repas et les repartir sur la journée,distribution_repas,1
69e7703daaba882197211220,EX1,Isopp,0,mettre la nourriture dans des jeux pour augmenter la durée de la prise alimentaire,activite_physique,1
69e7703daaba882197211220,EX1,Isopp,0,transition alimentaire en 7jours vers les nouvelles croquettes,transition_alimentaire,1
69e7703daaba882197211220,EX1,Isopp,0,suivre le poids toutes les semaines,suivi_poids_et_clinique,1
69e7703daaba882197211220,EX2,Mochi,0,diviser la ration sur plusieurs repas dans la journée,distribution_repas,1
69e7703daaba882197211220,EX2,Mochi,0,suivre le poids toutes les 2 semaines,suivi_poids_et_clinique,1
69e7703e856a68218958e1ff,EX1,Isopp,0,Donner 2 repas par jour,distribution_repas,1
69e7703e856a68218958e1ff,EX1,Isopp,0,1 repas = les corquettes + 1/4 de boîte aliment humide (satiété),satiete_appetit,1
69e7703e856a68218958e1ff,EX1,Isopp,0,Réaliser un suivi de poids toutes les deux semaines,suivi_poids_et_clinique,1
69e7703e856a68218958e1ff,EX1,Isopp,0,Transition alimentaire sur 1 semaine,transition_alimentaire,1
69e7703e856a68218958e1ff,EX1,Isopp,0,Envisager une gamelle anti-glouton,distribution_repas,1
69e7703e856a68218958e1ff,EX2,Mochi,0,Suivi du poids de l'animal,suivi_poids_et_clinique,1
69e7703e856a68218958e1ff,EX2,Mochi,0,Transition alimentaire,transition_alimentaire,1
69e7703e856a68218958e1ff,EX2,Mochi,0,Enrichir tout de même le milieu avec des jeux (croquettes/friandises),activite_physique,1
69e7703eaaba88219721122d,EX1,Isopp,0,"faire une transition alimentaire sur 6 jours, distribuer la ration en plusieurs repas (2 ou 3), suivre régulièrement le poids de l'animal (peser toutes les 2 semaines)",transition_alimentaire;distribution_repas;suivi_poids_et_clinique,3
69e7703eaaba88219721122d,EX2,Mochi,0,"Faire une transition alimentaire, distribuer en plusieurs repas dans la journée, suivre le poids en pesant régulièrement",transition_alimentaire;distribution_repas;suivi_poids_et_clinique,3
69e77041856a68218958e21c,EX1,Isopp,0,Contrôle de la perte de poids dans 2 semaines pour prévoir ou non un réajustement de la ration,objectif_poids,1
69e77041856a68218958e21c,EX1,Isopp,0,Faire la transition alimentaire sur 6 jours,transition_alimentaire,1
69e7704836566621a8d79344,EX1,Isopp,0,Faire un suivi du poids (pesée toutes les deux semaines),suivi_poids_et_clinique,1
69e7704836566621a8d79344,EX1,Isopp,0,Faire une transition alimentaire sur plusieurs jours,transition_alimentaire,1
69e7704836566621a8d79344,EX1,Isopp,0,Humidifier les croquettes,preparation_recette,1
69e7704836566621a8d79344,EX1,Isopp,0,Donner la ration en plusieurs repas par jour,distribution_repas,1
69e7704836566621a8d79344,EX2,Mochi,0,effectuer une transition alimentaire sur plusieurs jours,transition_alimentaire,1
69e7704836566621a8d79344,EX2,Mochi,0,cuire le riz et le poisson à l'eau ; cuisson du riz deux fois plus longue que pour les humains,cuisson,1
69e7704836566621a8d79344,EX2,Mochi,0,servir en plusieurs repas par jour,distribution_repas,1
69e7704836566621a8d79344,EX2,Mochi,0,faire un suivi du poids,suivi_poids_et_clinique,1
69e77049856a68218958e247,EX1,Isopp,0,"Faire un suivi de poids, faire une transition alimentaire, utiliser une gamelle anti-glouton, répartir la ration en plusieurs repas dans la journée",transition_alimentaire;distribution_repas;suivi_poids_et_clinique,3
69e77049856a68218958e247,EX2,Mochi,0,"Faire un suivi du poids, faire une transition alimentaire",transition_alimentaire;suivi_poids_et_clinique,2
69e77049856a68218958e247,EX2,Mochi,0,Cuisson à l'eau et deux fois plus longue que normalement (autocuiseur mode sushi si possible),cuisson,1
69e77049856a68218958e247,EX2,Mochi,0,Rajouter l'huile de colza et le Vit i 5 APRÈS la cuisson,cuisson;complementation_cmv,2
69e7704faaba882197211282,EX2,Mochi,0,Cuisson : À l’eau pour le riz et le poisson,cuisson,1
69e7704faaba882197211282,EX2,Mochi,0,Bien cuire le riz,cuisson,1
69e7704faaba882197211282,EX2,Mochi,0,Servir entre 27 et 30 degrés,,0
69e7704faaba882197211282,EX2,Mochi,0,À répartir sur plusieurs repas dans la journée,distribution_repas,1
69e7704faaba882197211282,EX1,Isopp,0,L’alimentation actuelle d’Isopp entraîne un dépassement du besoin énergétique important ce qui peut expliquer son surpoids,,0
69e7704faaba882197211282,EX1,Isopp,0,Ses croquettes sont très denses énergétiquement,,0
69e7704faaba882197211282,EX1,Isopp,0,"Ainsi de façon à remplir son besoin énergétique et d’encourager sa satiété, je vous propose une nouvelle ration avec la gamme Satiety de Royal Canin avec la même quantité par jour : 300g",transition_alimentaire;satiete_appetit,2
69e7704faaba882197211282,EX1,Isopp,0,Ces croquettes sont bien moins denses énergétiquement et plus riche en protéines ce qui va encourager la sensation de satiété,satiete_appetit,1
69e7704faaba882197211282,EX1,Isopp,0,Vous pouvez également répartir sa ration sur plus de repas dans la journée et mettre en place une activité physique plus importante,activite_physique,1
69e7704faaba882197211282,EX1,Isopp,0,Pour le changement d’alimentation vous pouvez commencer par mélanger les 2 sortes de croquettes puis diminuer la portion des croquettes initiales sur quelque jours,preparation_recette,1
69e7704faaba882197211282,EX1,Isopp,0,Nous mettrons en place des visites de contrôle pour réaliser le suivi de cette perte de poids et ajuster si besoin les conseils évoqués précédemment,suivi_poids_et_clinique;objectif_poids,2
69e7704faaba882197211282,EX1,Isopp,0,"On vise une perte de poids allant de 0,5 à 2% du poids total par semaine",objectif_poids,1
69e7705e36566621a8d793b2,EX1,Isopp,0,"D'après l'analyse de la ration actuelle et de l'observation clinique d'Isopp on constate que son alimentation lui apporte trop d'energie, sa ration dépasse son besoin énergétique journalier par conséquent nous devons mettre en place une nouvelle alimentation",,0
69e7705e36566621a8d793b2,EX1,Isopp,0,Cette nouvelle alimentation doit être mise en place en effecuant une transition avec l'ancienne alimentation,transition_alimentaire,1
69e7705e36566621a8d793b2,EX1,Isopp,0,Un suivi de poids doit être réalisé toutes les 2 semaines,suivi_poids_et_clinique,1
69e7705e36566621a8d793b2,EX2,Mochi,0,"Cuire le poisson, le riz et les haricot à l'eau (ou à la vapeur), le riz doit être plus longtemps cuit que pour les humains",cuisson,1
69e7705e36566621a8d793b2,EX2,Mochi,0,Ajouter le Viti5 et l'huile de colza après cuisson,cuisson;ordre_ingredients;complementation_cmv,3
69e7705e36566621a8d793b2,EX2,Mochi,0,Diviser la ration en plusieurs repas dans la journée,distribution_repas,1
69e7705e36566621a8d793b2,EX2,Mochi,0,Effectuer un suivi de poids toutes les 2 semaines,suivi_poids_et_clinique,1
69e77062856a68218958e2dc,EX1,Isopp,0,"Faire une transition entre les 2 types de croquettes sur 6 jours : 2 jours à 75% des anciennes croquettes et 25 des nouvelles, puis 2 jours moitié moitié, et enfin 2 jours à 25% des anciennes croquettes et 75 des nouvelles",transition_alimentaire,1
69e77062856a68218958e2dc,EX1,Isopp,0,Faire un suivi de l'évolution de son poids,suivi_poids_et_clinique,1
69e77062856a68218958e2dc,EX2,Mochi,0,Cuire à l'eau le riz 2 fois plus longtemps que pour un humain. Faire une cuisson vapeur pour les courgettes et le colin,cuisson,1
69e7706936566621a8d793f0,EX1,Isoop,0,"effectuer une transition alimentaire sur 6 jours (1/3 nouvelles croquettes-2/3 anviennes croquettes pendant 2 joirs, 1/2-1/2 pendant 2 jours , 2/3 nouvelles croquettes-1/3 anciennes croquettes pendant 2 jours)",transition_alimentaire,1
69e7706936566621a8d793f0,EX1,Isoop,0,proposer l'alimentation dans une gamelle anti glouton ou dans des jeux afin d'augmenter le temps du repas,distribution_repas;activite_physique,2
69e7706936566621a8d793f0,EX1,Isoop,0,diviser la ration en 2 ou 3 repas répartis sur la journée,distribution_repas,1
69e7706936566621a8d793f0,EX1,Isoop,0,"contrôler le poids le mois qui suit, on devrait observer une perte de poids progressive jusqu'à atteindre 25 kg",suivi_poids_et_clinique;objectif_poids,2
69e7706936566621a8d793f0,EX2,Mochi,0,réaliser une transition alimentaire sur une semaine,transition_alimentaire,1
69e7706936566621a8d793f0,EX2,Mochi,0,cuire l'ensemble des aliments à la vapeur dans un autocuiseur,cuisson,1
69e7706e856a68218958e325,EX1,Isopp,0,Densité énergétique de l'aliment actuel trop élevée. La satiété n'est pas atteinte. Le chien prend du poids et est en surpoids,satiete_appetit,1
69e7706e856a68218958e325,EX1,Isopp,0,"Changement d'alimentation vers des croquettes moins denses énergétiquement, les Satiety de Royal Canin semblent adaptées",,0
69e7706e856a68218958e325,EX1,Isopp,0,Transition sur une à deux semaines petit à petit,transition_alimentaire,1
69e7706e856a68218958e325,EX2,Mochi,0,"Ration à éparpiller dans la journée, cuire le riz 2 fois plus longtemps que pour un humain, cuire la viande à l'eau ou dans un auto-cuiseur avec le riz. Faire la transition sur 6 jours",transition_alimentaire;cuisson,2
69e77074856a68218958e340,EX1,Isopp,0,"Transition alimentaire sur 5 jours : 80% anciennes croquettes /20% nouvelles, puis 60/40, 50/50, 40/60, 20/80",transition_alimentaire,1
69e77074856a68218958e340,EX1,Isopp,0,"Donner la ration en plusieurs fois, dans une gamelle anti-glouton",distribution_repas,1
69e77074856a68218958e340,EX1,Isopp,0,Disposer de l'eau fraiche à volonté,hydratation_eau,1
69e77074856a68218958e340,EX1,Isopp,0,Réaliser une activité physique (balade) au moins une fois par jour,activite_physique,1
69e77074856a68218958e340,EX1,Isopp,0,Réaliser des pesées de suivi toutes les 2 semaines,suivi_poids_et_clinique,1
69e77074856a68218958e340,EX2,Mochi,0,Suivi du poids 1 fois toutes les 2 semaines,suivi_poids_et_clinique,1
69e77074856a68218958e340,EX2,Mochi,0,Disposer de l'eau fraiche à volonté,hydratation_eau,1
69e77074856a68218958e340,EX2,Mochi,0,Cuire le poisson à l'eau ou à la vapeur,cuisson,1
69e77074856a68218958e340,EX2,Mochi,0,Cuire le riz à l'eau le double de temps que pour l'humain (cuisson type sushi),cuisson,1
69e77074856a68218958e340,EX2,Mochi,0,Ajouter l'huile de colza et le Vit'i 5 après la cuisson,cuisson;ordre_ingredients;complementation_cmv,3
69e77074856a68218958e340,EX2,Mochi,0,Séparer la ration en plusieurs repas sur une journée,distribution_repas,1
69e7707836566621a8d79459,EX1,Isopp,0,Faire une transition alimentaire,transition_alimentaire,1
69e7707836566621a8d79459,EX1,Isopp,0,Diviser la ration en 2 ou 3 repas dans la journée,distribution_repas,1
69e7707836566621a8d79459,EX1,Isopp,0,Suivi de poids dans 2 semaines pour vérifier l'objectif de perte de poids et ajuster la ration,suivi_poids_et_clinique;objectif_poids,2
69e7707836566621a8d79459,EX2,Mochi,0,Réaliser une transition alimentaire,transition_alimentaire,1
69e7707836566621a8d79459,EX2,Mochi,0,"Cuisson : à l'eau pour le riz et le poisson, cuire le riz deux fois plus longtemps que pour un humain,",cuisson,1
69e7707836566621a8d79459,EX2,Mochi,0,"Ajouter l'huile et les compléments après cuisson,",cuisson;ordre_ingredients;complementation_cmv,3
69e7707836566621a8d79459,EX2,Mochi,0,"Donner repas plusieurs fois dans la journée, à une température entre 25 et 30°C",distribution_repas,1
69e7707eaaba882197211370,EX1,Isopp,0,Transition alimentaire sur 6 jours,transition_alimentaire,1
69e7707eaaba882197211370,EX1,Isopp,0,Suivi du poids toutes les semaines,suivi_poids_et_clinique,1
69e7707eaaba882197211370,EX1,Isopp,0,Utilisation du gamelle anti-glouton pour avoir une prise alimentaire plus longue et réduire la faim,distribution_repas;satiete_appetit,2
69e7707eaaba882197211370,EX2,Mochi,0,Faire une transition alimentaire sur 6 jours,transition_alimentaire,1
69e7707eaaba882197211370,EX2,Mochi,0,"Diviser les repas en plusieurs prises, réparties sur la journée",distribution_repas,1
69e7707eaaba882197211370,EX2,Mochi,0,"Cuisson : cuire le colin, le riz et les haricots à l'eau ( pour le riz, cuire deux fois plus longtemps que pour un humain )",cuisson,1
69e7707eaaba882197211370,EX2,Mochi,0,Faire un suivi du poids toutes les deux semaines,suivi_poids_et_clinique,1
69e7708c36566621a8d794ad,EX1,Isopp,0,Choix de l'aliment : diminution de la valeur énergétique (perte de poids) et augmentation de la quantité de protéines (satiété),objectif_poids;satiete_appetit,2
69e7708c36566621a8d794ad,EX1,Isopp,0,"Transition alimentaire sur minimum 6 jours, possibilité d'humidifer légèrement les croquettes pour augmenter l'appétence",transition_alimentaire,1
69e7708c36566621a8d794ad,EX1,Isopp,0,Répartir la ration sur 2-3 repas dans la journée (satiété),distribution_repas;satiete_appetit,2
69e7708c36566621a8d794ad,EX1,Isopp,0,Suivi du poids en consultation toutes les deux semaines jusqu'à stabilisation ou évolution du poids (ration à revoir le cas échéant),suivi_poids_et_clinique,1
69e7708c36566621a8d794ad,EX1,Isopp,0,"Le chien a une valeur sociale de l'aliment donc si réticences pendant la transition alimentaire, ne pas hésiter à donner un peu en main propre",transition_alimentaire,1
69e7708c36566621a8d794ad,EX1,Isopp,0,"Diversifier l'approche de la prise alimentaire en incluant des tapis de fouilles, gamelle anti-glouton",distribution_repas,1
69e7708c36566621a8d794ad,EX1,Isopp,0,(satiété + stimulation mentale),satiete_appetit,1
69e7708c36566621a8d794ad,EX2,Mochi,0,Transition alimentaire sur minimum 6 jours,transition_alimentaire,1
69e7708c36566621a8d794ad,EX2,Mochi,0,"Pour le poulet et le riz : cuisson à la vapeur et pour le riz, cuire 2x plus longtemps que pour un humain",cuisson,1
69e7708c36566621a8d794ad,EX2,Mochi,0,Rajouter ensuite l'huile de colza et le complément minéralo-vitaminé sur la ration cuite,cuisson;complementation_cmv,2
69e7708c36566621a8d794ad,EX2,Mochi,0,"Proposer le repas sur plusieurs portions réparties dans la journée (rythme du chat) entre 27°C-30°C environ, pour que cela ne brûle pas l'animal mais que cela ne cristallise pas non plus",distribution_repas,1
69e7708c36566621a8d794ad,EX2,Mochi,0,Suivi de poids au moins 2 fois par semaine jusqu'à stabilisation ou évolution du poids (ration à revoir le cas échéant),suivi_poids_et_clinique,1
69e7708c36566621a8d794ad,EX2,Mochi,0,"Si réticence aux légumes, introduire progressivement à hauteur d'une cuillière à café dans la ration et bien l'incorporer",transition_alimentaire,1
69e770a236566621a8d794fb,EX1,Isopp,0,Transition alimentaire sur 6 jours,transition_alimentaire,1
69e770a236566621a8d794fb,EX1,Isopp,0,"Divisé les repas en plusieurs fois dans la journée, 2 à 3 repas",distribution_repas,1
69e770a236566621a8d794fb,EX1,Isopp,0,"Humidifié des croquettes si manque d'appétence, proposé les croquettes à la main",,0
69e770a236566621a8d794fb,EX1,Isopp,0,Mettre des enrichissements en place,,0
69e770a236566621a8d794fb,EX2,Mochi,0,cuisson colin et riz à l'eau (riz deux fois plus de temps que pour l'homme),cuisson,1
69e770a236566621a8d794fb,EX2,Mochi,0,transition alimentaire sur 6 jour,transition_alimentaire,1
69e770a236566621a8d794fb,EX2,Mochi,0,donner en plusieurs repas dans la journée,distribution_repas,1
69e770a236566621a8d794fb,EX2,Mochi,0,mettre en place des enrichissements et lui proposé la ration,,0
69e770a6aaba8821972113fd,EX1,,0,La ration actuelle d'Isopp est bien trop riche en énergie ce qui explique sa prise de poids dans les deux dernières années,objectif_poids;justification_clinique,2
69e770a6aaba8821972113fd,EX1,,0,"De plus, cette ration est basse en protéines ce qui explique qu'Isopp montre des signes de faim",satiete_appetit;justification_clinique,2
69e770a6aaba8821972113fd,EX1,,0,Pour lui permettre d'être rassasié tout en perdant du poids nous allons chercher un aliment plus riche en protéines pour atteindre une meilleure sasiété et avec une densité énergétique plus basse pour que la quantité de croquettes soit importantes et lui donne également une meilleure sensation de satiété,satiete_appetit;justification_clinique,2
69e770a6aaba8821972113fd,EX1,,0,Nous conseillerons alors les croquettes Satiety si vous souhaitez rester chez Royal Canin,,0
69e770a6aaba8821972113fd,EX1,,0,Ou Adult Neutered de Virbac si cela ne vous dérange pas de changer de marque car ces dernières présent un taux de protéines encore plus élevé,justification_clinique,1
69e770a6aaba8821972113fd,EX1,,0,"Enfin, si le chien réclame toujours, on peut rajouter des haricots verts dans sa gamelle pour lui donner l'impression de manger davantage sans que ce soit calorique",,0
69e770a6aaba8821972113fd,EX1,,0,/!\ Il faudra faire une transition alimentaire progressive pendant 1 à 2 semaines,transition_alimentaire,1
69e770b3856a68218958e438,EX1,Isopp,0,Faire une transition alimentaire sur 7 jours,transition_alimentaire,1
69e770b3856a68218958e438,EX1,Isopp,0,Diviser la ration en plusieurs repas au cours de la journée,distribution_repas,1
69e770b3856a68218958e438,EX1,Isopp,0,"Proposez la nourriture dans des jeux pour que le temps du repas soit plus long, pour qu'Isopp ressente plus la satiété",activite_physique;satiete_appetit,2
69e770b3856a68218958e438,EX2,Mochi,0,Bien cuire le riz (environ deux fois plus que pour les humains) pour qu'il soit bien digeste,cuisson,1
69e770b3856a68218958e438,EX2,Mochi,0,Cuire le poulet et les courgettes à la vapeur pour bien conserver les protéines,cuisson,1
69e770b3856a68218958e438,EX2,Mochi,0,Ajouter l'huile de colza et le viti5 après la cuisson de tous les aliments pour ne pas déteriorer leur qualité,cuisson;ordre_ingredients;complementation_cmv,3
69e770b3856a68218958e438,EX2,Mochi,0,"Servir le repas à environ 25-30°C, ni trop chaud (pour pas que Mochi se brule) ni trop froid pour pas que l'amidon cristallise",distribution_repas,1
69e770c0aaba88219721147a,EX1,Isopp,0,veiller à l'hydratation et au suivi régulier du poids pour adapter de nouveau la ration si nécessaire,suivi_poids_et_clinique;hydratation_eau,2
69e770c0aaba88219721147a,EX1,Isopp,0,diminution de la densité énergétique pour diminuer l'apport énergétique qui était trop élevé tout en comblant le problème de satiété par une alimentation plus riche en fibres et en protéines,objectif_poids;satiete_appetit,2
69e770c0aaba88219721147a,EX2,Mochi,0,Cuire le poulet à la vapeur et les haricots à la vapeur ou à l'eau,cuisson,1
69e770c0aaba88219721147a,EX2,Mochi,0,Veiller à un suivi régulier du poids et de l'état général pour adapter la ration si nécessaire,suivi_poids_et_clinique,1
69e770c536566621a8d7959c,EX1,Isopp,0,Transition alimentaire de 6 jours,transition_alimentaire,1
69e770c536566621a8d7959c,EX1,Isopp,0,Nécessaire d'avoir accès en permanence à de l'eau,,0
69e770c536566621a8d7959c,EX1,Isopp,0,Donner à plusieurs reprises dans la journée et pas d'un seul coup,,0
69e770c536566621a8d7959c,EX1,Isopp,0,Proposer de donner la nourriture sous forme de jeu afin de le stimuler ou via une gamelle antiglouton,distribution_repas;activite_physique,2
69e770c536566621a8d7959c,EX2,Mochi,0,Réaliser une transition alimentaire de 6 jours,transition_alimentaire,1
69e770c536566621a8d7959c,EX2,Mochi,0,Nécessaire d'avoir accès en permanence à de l'eau,,0
69e770c536566621a8d7959c,EX2,Mochi,0,Donner la quantité de la ration ménagère en plusieurs fois dans la journée,distribution_repas,1
69e770c536566621a8d7959c,EX2,Mochi,0,"Cuisson du colin, riz à l'eau (temps de cuisson plus long que pour les humains)",cuisson,1
69e770cb856a68218958e49b,EX1,Isopp,0,"faire une transition alimentaire, favoriser l'exercice pour conserver le poids idéal, donner plusieurs repas par jour pour limiter la faim, distribuer le repas dans des jouets",transition_alimentaire;distribution_repas;activite_physique;objectif_poids,4
69e770cb856a68218958e49b,EX2,Mochi,0,"cuire le riz et le poulet à l'eau (pour le riz : deux fois plus longtemps que pour les humains), faire une transition alimentaire, diviser la ration en petits repas à donner tout au long de la journée",transition_alimentaire;cuisson;distribution_repas,3
69e770e136566621a8d79617,EX1,Isopp,0,Réaliser une transition alimentaire sur 6 jours,transition_alimentaire,1
69e770e136566621a8d79617,EX1,Isopp,0,Diviser la ration en 2 ou 3 repas par jour,distribution_repas,1
69e770e136566621a8d79617,EX1,Isopp,0,Possibilité de donner les croquettes dans des jouets ou un tapis de fouille,enrichissement_environnement,1
69e770e136566621a8d79617,EX1,Isopp,0,Réaliser un suivi de poids régulier (toutes les semaines),suivi_poids_et_clinique,1
69e770e136566621a8d79617,EX2,Mochi,0,Réaliser une transition alimentaire sur 6 jours,transition_alimentaire,1
69e770e136566621a8d79617,EX2,Mochi,0,"Cuire le colin à l'eau, le riz à l'eau (double de temps de cuisson pour l'humain), puis ajouter le vit'i5, l'huile et les haricots verts dans la ration",cuisson;complementation_cmv,2
69e770e136566621a8d79617,EX2,Mochi,0,Diviser la ration en plusieurs petits repas au cours de la journée,distribution_repas,1
69e770e136566621a8d79617,EX2,Mochi,0,Réaliser un suivi du poids régulier,suivi_poids_et_clinique,1
69e770e336566621a8d7961e,EX1,Isopp,0,objectif perte de poids :,objectif_poids,1
69e770e336566621a8d7961e,EX1,Isopp,0,Transition alimentaire sur 6 jours,transition_alimentaire,1
69e770e336566621a8d7961e,EX1,Isopp,0,découper les prises alimentaires (en plusieurs fois dans la journée),distribution_repas;morceaux_decoupe,2
69e770e336566621a8d7961e,EX1,Isopp,0,humidifier aliments pour appétence,preparation_recette,1
69e770e336566621a8d7961e,EX2,mochi,0,Transition alimentaire sur 6 jours,transition_alimentaire,1
69e770e7856a68218958e50f,EX1,,0,Utiliser une gamelle anti-gloutons pour la satiété,satiete_appetit,1
69e770e7856a68218958e50f,EX1,,0,Diviser la ration en plusieurs petits repas,distribution_repas,1
69e770e7856a68218958e50f,EX2,,0,fractionner la ratio en plusieurs repas pour favoriser la satiété,distribution_repas;satiete_appetit,2
69e770e7856a68218958e50f,EX2,,0,utiliser une gamelle anti-gloutons si nécéssaire,,0
69e770e7856a68218958e50f,EX2,,0,Ne pas complémenter en pâté et ne donner que la ration ménagère,,0
69e770e8856a68218958e514,Ex1,Issop,0,Faire transition alimentaire. Faire le suivi du poids (environ toute les 2 semaines). Donner le repas en plusieurs fois,transition_alimentaire;distribution_repas;suivi_poids_et_clinique,3
69e770e8856a68218958e514,Ex 2,Mochi,0,"Suivi du poids, transition alimentaire (6j). Cuisson riz et colin à l'eau (riz 2 fois plus logtemps que pour l'homme)",transition_alimentaire;cuisson;suivi_poids_et_clinique,3
69e770ef856a68218958e535,EX1,Isopp,0,"Isopp est inactif, castré, il a toujours faim et prend du poids",justification_clinique,1
69e770ef856a68218958e535,EX1,Isopp,0,"Pour pallier à cela, nous pouvons proposer à Isopp de passer sur la gamme Royal Canin Adult Large Dog",,0
69e770ef856a68218958e535,EX1,Isopp,0,"En effet, ces croquettes ont une densité énergétique plus faible par rapport à la gamme actuelle qui compose son alimentation",justification_clinique,1
69e770ef856a68218958e535,EX1,Isopp,0,"De plus, elles sont plus denses en protéines",,0
69e770ef856a68218958e535,EX1,Isopp,0,Les protéines et l'augmentation de la taille de la ration auront un effet satiétogène pour Isopp,,0
69e770ef856a68218958e535,EX1,Isopp,0,Conseils:,,0
69e770ef856a68218958e535,EX1,Isopp,0,Donner dans une gamelle anti-glouton 350g de croquettes Royal Canin Adult Large Dog par jours en 1 ou 2 repas. En réalisant préalablement une transition alimentaire sur 6 jours,transition_alimentaire;distribution_repas,2
69e770ef856a68218958e535,EX1,Isopp,0,Réaliser le suivi du poids et de l'appétit de l'animal,suivi_poids_et_clinique;satiete_appetit,2
69e770ef856a68218958e535,EX1,Isopp,0,Toujours laisser une gamelle d'eau propre à disposition,hydratation_eau,1
69e770ef856a68218958e535,EX2,Mochi,0,La ration ménagère adapté à Mochi est:,justification_clinique,1
69e770ef856a68218958e535,EX2,Mochi,0,40g de riz blanc cuit (à la vapeur pendant 2 fois plus de temps que pour une cuisson déstinée à l'humain),cuisson,1
69e770ef856a68218958e535,EX2,Mochi,0,30g de haricots vert très cuits à la vapeur,cuisson,1
69e770ef856a68218958e535,EX2,Mochi,0,70g de filet de cabillaud cuit à la vapeur,cuisson,1
69e770ef856a68218958e535,EX2,Mochi,0,4g d'huile de colza,,0
69e770ef856a68218958e535,EX2,Mochi,0,1 dosette de Vit'i 5 orange,complementation_cmv,1
69e770ef856a68218958e535,EX2,Mochi,0,Les aliments doivent être cuits à la vapeur (dans un cuiseur à riz par exemple) et la ration peut-être servie tiède,cuisson,1
69e770ef856a68218958e535,EX2,Mochi,0,"Cette ration pourra être divisée en plusieurs repas par jour, une transition alimentaire peut-être réalisée sur 6 jours mais n'est pas obligatoire",transition_alimentaire;distribution_repas,2
69e770ef856a68218958e535,EX2,Mochi,0,Un suivi de l'animal doit être réalisé,suivi_poids_et_clinique,1
69e770ef856a68218958e535,EX2,Mochi,0,Toujours laisser une gamelle d'eau propre à Mochi,hydratation_eau,1
69e770f036566621a8d7965b,EX1,Isopp,0,"Transition alimentaire sur 2 semaines environ, suivi du poids,proposer de l'exercice de recherche de croquettes pour faire un peu d'activité",transition_alimentaire;suivi_poids_et_clinique;activite_physique,3
69e770f036566621a8d7965b,EX2,Mochi,0,"Transition alimentaire, cuire le poulet et le riz à l'eau et cuire 2 fois plus longtemps que pour une cuisson pour humain, suivi du poids et de l'adaptation",transition_alimentaire;cuisson;suivi_poids_et_clinique,3
69e770f0aaba882197211565,EX1,Isopp,0,"problème de satiété + surpoids : Nouvelles croquettes moins denses énergétiquement : autant d'énergie mais pour une quantité plus élevée (estomac rempli) et croquettes contenant plus de protéines, satiétogènes",satiete_appetit,1
69e770f0aaba882197211565,EX1,Isopp,0,"Diminuer la dose, pour revenir à un poids de forme",,0
69e770f0aaba882197211565,EX1,Isopp,0,"réaliser un suivi du poids (pesée) toutes les semaines, revenir à la clinique si besoin",suivi_poids_et_clinique,1
69e770f0aaba882197211565,EX1,Isopp,0,Distribuer les 250g en plusieurs repas par jour,distribution_repas,1
69e770f0aaba882197211565,EX1,Isopp,0,Disposer des croquettes dans des jeux,activite_physique,1
69e770f0aaba882197211565,EX1,Isopp,0,Faire faire plus d'activité physique au chien,activite_physique,1
69e770f0aaba882197211565,EX1,Isopp,0,Eau à volonté,hydratation_eau,1
69e770f0aaba882197211565,EX1,Isopp,0,réaliser la transition alimentaire en douceur (sur 6 jours),transition_alimentaire,1
69e770f0aaba882197211565,EX2,Mochi,0,"Ration ménagère : colin, haricots apertisés (conserves), riz, huile de colza, vit'i5",complementation_cmv,1
69e770f0aaba882197211565,EX2,Mochi,0,Distribuer la ration en plusieurs fois par jour (le plus est le mieux),distribution_repas,1
69e770f0aaba882197211565,EX2,Mochi,0,"Cuire le riz et le colin à l'eau (cuire le riz 2 fois plus longtemps que pour un humain), dans un autocuiseur à riz si possible",cuisson,1
69e770f0aaba882197211565,EX2,Mochi,0,"Réaliser un suivi du poids toutes les 2 semaines, vérifier que la ration convient au chat, revenir à la clinique si besoin. Placer la nourriture dans des jeux pour plus d'activité",suivi_poids_et_clinique;activite_physique,2
69e770f0aaba882197211565,EX2,Mochi,0,Réaliser la transition alimentaire en douceur (sur 6 jours environ),transition_alimentaire,1
69e770fc36566621a8d79687,EX1,isopp,0,"réaliser une transition alimentaire,",transition_alimentaire,1
69e770fc36566621a8d79687,EX1,isopp,0,"faire un suivi du poids environ toute les deux semaines,",suivi_poids_et_clinique,1
69e770fc36566621a8d79687,EX1,isopp,0,séparer la ration en plusieurs repas par jour,distribution_repas,1
69e770fc36566621a8d79687,EX2,mochi,0,conseil de cuisson: cuire le poulet à l'eau et le riz à l'eau (double de durée que pour humain),cuisson,1
69e770fc36566621a8d79687,EX2,mochi,0,suivre le poids de l'animal toute les deux semaines,suivi_poids_et_clinique,1
69e770fc36566621a8d79687,EX2,mochi,0,faire une transition alimentaire,transition_alimentaire,1
69e770fc36566621a8d79687,EX2,mochi,0,diviser les repas et le distribuer en plusieurs fois tout le long de la journée,distribution_repas,1
69e770fc856a68218958e576,EX1,Isopp,0,Transition alimentaire de 6 jours,transition_alimentaire,1
69e770fc856a68218958e576,EX1,Isopp,0,Suivre le poids à la clinique toutes les 2 semaines,suivi_poids_et_clinique,1
69e770fc856a68218958e576,EX1,Isopp,0,"Diviser la ration en plusieurs prises dans la journée, avec des jeux tels que des tapis de fouilles, gamelle anti-glouton",distribution_repas;activite_physique,2
69e770fc856a68218958e576,EX2,Mochi,0,Transition alimentaire sur 6 jours,transition_alimentaire,1
69e770fc856a68218958e576,EX2,Mochi,0,Cuisson de la ration : faire cuire à l'eau le riz et le poulet (faire cuire le riz 2 fois plus longtemps que le temps humain),cuisson,1
69e770fc856a68218958e576,EX2,Mochi,0,Diviser la ration alimentaire plusieurs fois dans la journée,distribution_repas,1
69e770fc856a68218958e576,EX2,Mochi,0,Suivre le poids tous les 2 semaines en revenant à la clinique,suivi_poids_et_clinique,1
69e770fe36566621a8d79693,EX1,Isopp,0,"La ration actuelle n’est pas adapté à Isopp, elle est trop riche et a une teneur en protéines trop faible, ce qui fait qu’il a toujours faim",justification_clinique,1
69e770fe36566621a8d79693,EX1,Isopp,0,Nous proposons donc de passer sur une ration Adult Neuteured Virbac avec 225g/jour,justification_clinique,1
69e770fe36566621a8d79693,EX1,Isopp,0,Cette ration est beaucoup moins calorique et plus satietaire ce qui devrait lui faire perdre du poids et réduire sa faim,,0
69e770fe36566621a8d79693,EX1,Isopp,0,Il faut effectuer une transition sur 6 jours entre les deux aliment,transition_alimentaire,1
69e770fe36566621a8d79693,EX1,Isopp,0,Un suivi du poids toutes les 2 semaines est conseillé,suivi_poids_et_clinique,1
69e770fe36566621a8d79693,EX1,Isopp,0,Mettre en rapport social pour encourager Isopp à manger si possible,,0
69e770fe36566621a8d79693,EX2,Mochi,0,Passage à une ration ménagère,transition_alimentaire,1
69e770fe36566621a8d79693,EX2,Mochi,0,Cuire le colin à l’eau ou vapeur,cuisson,1
69e770fe36566621a8d79693,EX2,Mochi,0,Cuire le riz à l’eau,cuisson,1
69e770fe36566621a8d79693,EX2,Mochi,0,Haricot APPERTISÉ (apport en sel),,0
69e770fe36566621a8d79693,EX2,Mochi,0,Transition alimentaire sur 6 jours,transition_alimentaire,1
69e770fe36566621a8d79693,EX2,Mochi,0,Faire attention au tri,,0
69e770fe36566621a8d79693,EX2,Mochi,0,Suivi du poids idéalement toutes les 2 semaines,suivi_poids_et_clinique,1
69e77103aaba8821972115c7,EX1,Isopp,0,Faire une transition alimentaire sur une semaine,transition_alimentaire,1
69e77103aaba8821972115c7,EX1,Isopp,0,Donner ses repas en plusieurs fois (3 par jour),distribution_repas,1
69e77103aaba8821972115c7,EX1,Isopp,0,Le peser toutes les deux semaines,suivi_poids_et_clinique,1
69e77103aaba8821972115c7,EX1,Isopp,0,Faire un suivi,suivi_poids_et_clinique,1
69e77103aaba8821972115c7,EX1,Isopp,0,Augmenter petit à petit son activité physique pour éviter de continuer à prendre du poids,activite_physique,1
69e77103aaba8821972115c7,EX2,Mochi,0,Faire une transition alimentaire sur une semaine,transition_alimentaire,1
69e77103aaba8821972115c7,EX2,Mochi,0,Faire cuire les aliments à l’eau (cuisson riz deux fois plus longue que pour nous),cuisson,1
69e77103aaba8821972115c7,EX2,Mochi,0,Diviser les repas et les donner en plusieurs fois,distribution_repas,1
69e77103aaba8821972115c7,EX2,Mochi,0,"Peser Mochi toutes les deux semaines, faire un suivi",suivi_poids_et_clinique,1
69e7710c36566621a8d796d3,EX1,Isopp,0,Diviser la ration de Isopp en 3 repas par jour afin de favoriser la satiété,distribution_repas;satiete_appetit,2
69e7710c36566621a8d796d3,EX1,Isopp,0,Faire un contrôle du poids toutes les 2 semaines ainsi qu'une consultation de contrôle pour vérifier l'état de santé de Isopp et la NEC,suivi_poids_et_clinique,1
69e7710c36566621a8d796d3,EX1,Isopp,0,Réaliser une transition alimentaire,transition_alimentaire,1
69e7710c36566621a8d796d3,EX1,Isopp,0,Mettre en place une gamelle anti-glouton pour favoriser le temps des repas,distribution_repas,1
69e7710c36566621a8d796d3,EX1,Isopp,0,"Une alimentation humide pourra éventuellement être envisagée pour favoriser la satiété, à discuter pour une question de budget",satiete_appetit,1
69e7710c36566621a8d796d3,EX1,Isopp,0,Augmenter le temps d'exercice pour Isopp en y allant progressivement,activite_physique,1
69e7710c36566621a8d796d3,EX2,Mochi,0,"Cuire le colin et le riz à l'eau, avec une durée de cuisson pour le riz deux fois plus importante que pour les humains",cuisson,1
69e7710c36566621a8d796d3,EX2,Mochi,0,"Ajouter l'huile et le complément minéralo-vitaminé (vit'i5) à la toute fin de la préparation, après la cuisson",cuisson;complementation_cmv,2
69e7710c36566621a8d796d3,EX2,Mochi,0,Réaliser une transition alimentaire,transition_alimentaire,1
69e7710c36566621a8d796d3,EX2,Mochi,0,Fractionner les repas en 3 si possible,distribution_repas,1
69e7710c36566621a8d796d3,EX2,Mochi,0,Contrôle du poids toutes les 2 semaines au départ,suivi_poids_et_clinique,1
69e7710c36566621a8d796d3,EX2,Mochi,0,Eventuellement ajouter des croquettes à la ration pour pouvoir mettre en place des jeux (consultation de nutrition nécessaire pour l'élaboration d'une nouvelle ration : ration ménagère + croquettes),transition_alimentaire;activite_physique,2
69e7710e36566621a8d796dd,EX1,Isopp,0,Faire une transition alimentaire sur 6 jours,transition_alimentaire,1
69e7710e36566621a8d796dd,EX1,Isopp,0,Utiliser une gamelle anti-glouton,distribution_repas,1
69e7710e36566621a8d796dd,EX1,Isopp,0,faire plusieurs repas,distribution_repas,1
69e7710e36566621a8d796dd,EX1,Isopp,0,Suivis de poids chaque semaine,suivi_poids_et_clinique,1
69e7710e36566621a8d796dd,EX2,Mochi,0,"Cuire le poulet , les courgettes et le riz a l'eau",cuisson,1
69e77127856a68218958e632,EX1,Isopp,0,"Transition alimentaire de 6 jours, séparation des repas en 2 voir 3 fois par jour, favoriser les prises sociales et faire un suivi du poids",transition_alimentaire;suivi_poids_et_clinique,2
69e77127856a68218958e632,EX2,Mochi,0,Cuisson : cuire le riz (2 fois plus longtemps que pour les humains) et le colin. Réaliser une transition alimentaire et un suivi clinique du poids,transition_alimentaire;cuisson;suivi_poids_et_clinique,3
69e77140856a68218958e694,EX1,Isopp,0,Effectuer une transition alimentaire,transition_alimentaire,1
69e77140856a68218958e694,EX1,Isopp,0,Effectuer un suivi du poids,suivi_poids_et_clinique,1
69e77140856a68218958e694,EX1,Isopp,0,Utiliser des jeux et des gamelles anti-gloutons,activite_physique,1
69e77140856a68218958e694,EX1,Isopp,0,Distribuer le repas en 3 fois dans la journée,distribution_repas,1
69e77140856a68218958e694,EX2,Mochi,0,Effectuer une transition alimentaire,transition_alimentaire,1
69e77140856a68218958e694,EX2,Mochi,0,Effectuer un suivi du poids,suivi_poids_et_clinique,1
69e77140856a68218958e694,EX2,Mochi,0,"Cuire le riz, le poisson et les haricots dans l'eau (ou dans un cuiseur à riz) et cuire le riz deux fois plus longtemps que pour un humain",cuisson,1
69e77140856a68218958e694,EX2,Mochi,0,Ajouter l'huile et le Vit'i5 après la cuisson,cuisson;ordre_ingredients;complementation_cmv,3
69e77140856a68218958e694,EX2,Mochi,0,Distribuer le repas en plusieurs fois le long de la journée,distribution_repas,1
69e77140856a68218958e694,EX2,Mochi,0,Distribuer le repas chaud (30°C),distribution_repas,1
69e7714d856a68218958e6d7,EX1,Isopp,0,"Faire un suivi de poids toutes les 2 semaines (perte de 0,5 à 2% du poids par semaine) et un suivi vétérinaire régulier",suivi_poids_et_clinique,1
69e7714d856a68218958e6d7,EX1,Isopp,0,Donner la ration journalière en 3 repas,distribution_repas,1
69e7714d856a68218958e6d7,EX1,Isopp,0,Gamelle anti-glouton/jeu de fouille,distribution_repas;activite_physique,2
69e7714d856a68218958e6d7,EX2,Mochi,0,cuir à l'eau et cuir le riz 2x plus que pour consommation humaine,cuisson,1
69e7714d856a68218958e6d7,EX2,Mochi,0,"rajouter huile, et vit'i5 après cuisson",cuisson;ordre_ingredients;complementation_cmv,3
69e7714d856a68218958e6d7,EX2,Mochi,0,Donner en plusieurs repas,distribution_repas,1
69e77154aaba88219721172e,EX1,Isopp,0,Transition alimentaire sur 1 semaine environ,transition_alimentaire,1
69e77154aaba88219721172e,EX1,Isopp,0,répartir la ration en plusieurs repas (2 ou 3),distribution_repas,1
69e77154aaba88219721172e,EX1,Isopp,0,Ne pas hésiter à réaliser une prise alimentaire à travers des jeux ou autres méthodes sociales,activite_physique,1
69e77154aaba88219721172e,EX1,Isopp,0,Surveiller le poids de l'animal,suivi_poids_et_clinique,1
69e77154aaba88219721172e,EX2,Mochi,0,Légumes et colin cuits à la vapeur,cuisson,1
69e77154aaba88219721172e,EX2,Mochi,0,Faire bien cuire le riz (2 fois le temps conseillé pour un humain) si possibile dans un cuiseur spécialisé pour le riz,cuisson,1
69e77154aaba88219721172e,EX2,Mochi,0,Ajouter les minéraux et l'huile après la cuisson,cuisson;ordre_ingredients;complementation_cmv,3
69e77154aaba88219721172e,EX2,Mochi,0,Effectuer une transition alimentaire sur environ 1 semaine,transition_alimentaire,1
69e77154aaba88219721172e,EX2,Mochi,0,Contôler le poids de l'animal au cours des prochains mois (le peser régulièrement),suivi_poids_et_clinique,1
69e7715536566621a8d7982f,EX1,Isopp,0,"Séparer en plusieurs repas, utiliser une gamelle anti-glouton",distribution_repas,1
69e7715536566621a8d7982f,EX1,Isopp,0,Réaliser une transition alimentaire sur 6 jours avec les anciennes croquettes,transition_alimentaire,1
69e7715536566621a8d7982f,EX1,Isopp,0,Effectuer un suivi du poids,suivi_poids_et_clinique,1
69e7715536566621a8d7982f,EX2,Mochi,0,"Conseils de cuisson : cuire le riz et le colin à la vapeur/cuiseur à riz, laisser 2 fois plus de temps que pour les humains",cuisson,1
69e7715536566621a8d7982f,EX2,Mochi,0,Effectuer une transition alimentaire sur 6 jours,transition_alimentaire,1
69e7715536566621a8d7982f,EX2,Mochi,0,Répartir la préparation en plusieurs repas de petite quantité sur la journée,distribution_repas,1
69e7715536566621a8d7982f,EX2,Mochi,0,Faire un suivi régulier du poids afin de pouvoir ajuster la ration (1 fois par semaine),suivi_poids_et_clinique,1
69e77155856a68218958e71c,EX1,Isopp,0,Transition alimentaire sur 6 jours,transition_alimentaire,1
69e77155856a68218958e71c,EX1,Isopp,0,Suivi du poids toutes les deux semaines minimum,suivi_poids_et_clinique,1
69e77155856a68218958e71c,EX1,Isopp,0,Ne pas hésiter à diviser les repas,distribution_repas,1
69e77155856a68218958e71c,EX2,Mochi,0,Transition alimentaire sur 6 jours,transition_alimentaire,1
69e77155856a68218958e71c,EX2,Mochi,0,Suivi du poids toutes les deux semaines,suivi_poids_et_clinique,1
69e77155856a68218958e71c,EX2,Mochi,0,Diviser la ration en plusieurs repas,distribution_repas,1
69e77155856a68218958e71c,EX2,Mochi,0,"Cuire les aliments : riz, truite et haricot",cuisson,1
69e7715836566621a8d7986a,EX1,Isopp,0,Commencer en diminuant l'apport de 20% soit 240g de croquettes par jour en utilisant une gamelle anti-glouton,distribution_repas,1
69e7715836566621a8d7986a,EX1,Isopp,0,"Distribuer la ration en au moins deux repas, trois si possible",distribution_repas,1
69e7715836566621a8d7986a,EX1,Isopp,0,Essayer d'augmenter l'activité physique avec plus de sorties journalières/ des sorties plus longues/ des jouets,activite_physique,1
69e7715836566621a8d7986a,EX1,Isopp,0,"Suivi régulier, fixer un rendez-vous dans 15 jours pour ajuster la ration en fonction de l'évolution du poids",suivi_poids_et_clinique,1
69e7715836566621a8d7986a,EX2,Mochi,0,Diviser la ration en plusieurs repas dans la journée,distribution_repas,1
69e7715836566621a8d7986a,EX2,Mochi,0,"Suivi régulier, prévoir un rendez-vous dans quelques semaines pour ajuster la ration si besoin",suivi_poids_et_clinique,1
69e77158856a68218958e74b,EX2,Mochi,0,Faire cuire le riz et le colin à l'eau,cuisson,1
69e77158856a68218958e74b,EX2,Mochi,0,Faire cuire le riz 2 fois la durée annoncée pour un humain,cuisson,1
69e77158856a68218958e74b,EX2,Mochi,0,Faire la transition alimentaire en 6 jours,transition_alimentaire,1
69e77158856a68218958e74b,EX2,Mochi,0,Répartir les repas dans la journée,distribution_repas,1
69e77158856a68218958e74b,EX2,Mochi,0,Consultation de suivi du poids toutes les deux semaines,suivi_poids_et_clinique,1
69e77158856a68218958e74b,EX1,Isopp,0,Réaliser un suivi du poids toutes les semaines,suivi_poids_et_clinique,1
69e77158856a68218958e74b,EX1,Isopp,0,Faire la transition alimentaire en 6jours,transition_alimentaire,1
69e77158856a68218958e74b,EX1,Isopp,0,Diviser les repas et mettre en place une gamelle anti-glouton,distribution_repas,1
69e7715936566621a8d7987b,EX2,Mochi ,0,Suivi du besoin énergétique (revoir l'animal dans 2 semaines),suivi_poids_et_clinique,1
69e7715936566621a8d7987b,EX2,Mochi ,0,Transition alimentaire sur 6 jours :,transition_alimentaire,1
69e7715936566621a8d7987b,EX2,Mochi ,0,2j : 3/4 de l'ancienne ration,transition_alimentaire,1
69e7715936566621a8d7987b,EX2,Mochi ,0,1/4 de la nouvelle,,0
69e7715936566621a8d7987b,EX2,Mochi ,0,2j : 1/2 de chaque,,0
69e7715936566621a8d7987b,EX2,Mochi ,0,2j : 1/4 de l'ancienne,,0
69e7715936566621a8d7987b,EX2,Mochi ,0,3/4 de la nouvelle,,0
69e7715936566621a8d7987b,EX2,Mochi ,0,Possibilité de cacher de la nourriture dans des jouets pour stimuler la curiosité et l'activité du chat,activite_physique,1
69e7715936566621a8d7987b,EX1,Isopp,0,Problème de satiété : passage sur un aliment humide + sec,satiete_appetit,1
69e7715936566621a8d7987b,EX1,Isopp,0,Transition alimentaire sur 6 jours :,transition_alimentaire,1
69e7715936566621a8d7987b,EX1,Isopp,0,2j : 3/4 de l'ancienne ration,transition_alimentaire,1
69e7715936566621a8d7987b,EX1,Isopp,0,1/4 de la nouvelle,,0
69e7715936566621a8d7987b,EX1,Isopp,0,2j : 1/2 de chaques,,0
69e7715936566621a8d7987b,EX1,Isopp,0,2j : 1/4 de l'ancienne,,0
69e7715936566621a8d7987b,EX1,Isopp,0,3/4 de la nouvelle,,0
69e7715936566621a8d7987b,EX1,Isopp,0,Suivi du besoin énergétique et du poids (revoir l'animal dans 2 semaines),suivi_poids_et_clinique,1
69e7715936566621a8d7987b,EX1,Isopp,0,Augmenter l'activité physique,activite_physique,1
69e7715b36566621a8d7988f,EX1,Isopp,0,"La ration actuelle présente une trop grande couverture pour Isopp (d'où certainement son surpoids), de plus il y une carence en proteines (or elles présentent un effet satiétogène) et trop de calcium mais le rapport phospho/calcique est bon",justification_clinique,1
69e7715b36566621a8d7988f,EX1,Isopp,0,Pour les conseils : faire une transition alimentaire et un suivi régulier du poids (toutes les semaines),transition_alimentaire;suivi_poids_et_clinique,2
69e7715b36566621a8d7988f,EX2,Mochi,0,"Il faut réaliser une transition alimentaire sur 5jours, faire un suvi de poids régulier (toutes les semaines), pour la cuisson des aliments de la ration : colin à la vapeur ou à l'eau, le riz à l'eau (2 fois plus de temps que pour l'homme)",transition_alimentaire;cuisson,2
69e7715baaba8821972117a2,EX1,Isopp,0,Faire une transition allimentaire progressive (6 jours),transition_alimentaire,1
69e7715baaba8821972117a2,EX1,Isopp,0,Diviser la ration en plusieurs repas (2 ou 3),distribution_repas,1
69e7715baaba8821972117a2,EX1,Isopp,0,Mettre une gamelle antiglouton ou des tapis de fouilles pour alonger le temps de prise allimentaire,distribution_repas,1
69e7715baaba8821972117a2,EX1,Isopp,0,Faire un suivie (clinique),,0
69e7715baaba8821972117a2,EX1,Isopp,0,Peser toute les semaine ou toute les deux semaines,suivi_poids_et_clinique,1
69e7715baaba8821972117a2,EX2,Mochi,0,Faire une transition alimentaire courte (3 jours),transition_alimentaire,1
69e7715baaba8821972117a2,EX2,Mochi,0,Faire un suivie,,0
69e7715baaba8821972117a2,EX2,Mochi,0,Diviser la portion en plusieurs repas,distribution_repas,1
69e7715baaba8821972117a2,EX2,Mochi,0,Cuire le riz (deux fois plus longtemps que pour nous) et le poisson (bien cuit) dans de leau non salée ou au cuiseur à riz,cuisson,1
69e7715d36566621a8d79899,EX1,Isopp,1,"Isopp est en surpoids et nous voulons prévoir un plan de perte de poids. Il a également souvent faim, élément à prendre en compte dans le choix de l'aliment",objectif_poids;justification_clinique,2
69e7715d36566621a8d79899,EX1,Isopp,1,Nous proposons un aliment complet sec. Les critères de ce choix sont :,justification_clinique,1
69e7715d36566621a8d79899,EX1,Isopp,1,Densité énergétique faible pour qu'Isopp continue de manger en quantité suffisante pour atteindre la satiété tout en limitant l'apport énergétique,satiete_appetit,1
69e7715d36566621a8d79899,EX1,Isopp,1,Teneur en protéines la plus élevée possible parmi les aliments restants à faible densité énergertique pour induire la satiété,satiete_appetit,1
69e7715d36566621a8d79899,EX1,Isopp,1,Pour établir la quantité d'aliment à distribuer nous avons réduit le coefficient d'ajustement de 10% pour lutter contre le surpoids,distribution_repas,1
69e7715d36566621a8d79899,EX1,Isopp,1,"Dans la mise en place d'un tel plan de perte de poids, le suivi de l'animal est primordial",suivi_poids_et_clinique;objectif_poids,2
69e7715d36566621a8d79899,EX1,Isopp,1,Il vous est ainsi demander de prendre le poids de l'animal toutes les semaines et de suivre son évolution afin de savoir s'il faut ou non toucher à la ration,suivi_poids_et_clinique,1
69e7715d36566621a8d79899,EX1,Isopp,1,Une visite de contrôle est également à prévoir pour réaliser le suivi de l'animal,suivi_poids_et_clinique,1
69e7715d36566621a8d79899,EX1,Isopp,1,Voici quelques conseils pour accompagner ce plan de perte de poids :,objectif_poids,1
69e7715d36566621a8d79899,EX1,Isopp,1,Réaliser une transition alimentaire sur 6 jours pour que le chien s'adapte à son nouvel aliment (2 jours 75/25,transition_alimentaire,1
69e7715d36566621a8d79899,EX1,Isopp,1,2 jours 50/50,,0
69e7715d36566621a8d79899,EX1,Isopp,1,2 jours 25/75),,0
69e7715d36566621a8d79899,EX1,Isopp,1,Séparer la ration en 2 repas,distribution_repas,1
69e7715d36566621a8d79899,EX1,Isopp,1,Laissez de l'eau à disposition,,0
69e7715d36566621a8d79899,EX1,Isopp,1,On peut améliorer l'appétence de la ration en l'humidifiant,,0
69e7715d36566621a8d79899,EX1,Isopp,1,Prévoir une gamelle anti-glouton,distribution_repas,1
69e7715d36566621a8d79899,EX1,Isopp,1,Enrichir le milieu de vie de l'animal pour favoriser l'activité physique,activite_physique,1
69e7715d36566621a8d79899,EX1,Isopp,1,Rappel important : suivre l'évolution du poids et prévoir une visite de contrôle,suivi_poids_et_clinique,1
69e7715d36566621a8d79899,EX2,Mochi,0,Nous joignons à l'ordonnance la ration ménagère proposée,,0
69e7715d36566621a8d79899,EX2,Mochi,0,Voici quelques recommendations à suivre pour Mochi :,,0
69e7715d36566621a8d79899,EX2,Mochi,0,Veillez à l'hydratation,hydratation_eau,1
69e7715d36566621a8d79899,EX2,Mochi,0,Répartir la ration sur 10-20 repas dans la journée,distribution_repas,1
69e7715d36566621a8d79899,EX2,Mochi,0,"Faire cuire le colin, le riz et les haricots à l'eau",cuisson,1
69e7715d36566621a8d79899,EX2,Mochi,0,Pour le riz : le faire cuire deux fois plus longtemps ou le faire cuire à l'autocuiseur à riz en mode sushi,cuisson,1
69e7715d36566621a8d79899,EX2,Mochi,0,"Ne pas faire cuire l'huile et le comlément minéralo-vitaminé, les rajouter après",cuisson;complementation_cmv,2
69e7715d36566621a8d79899,EX2,Mochi,0,Suivre l'évolution du poids de Mochi,suivi_poids_et_clinique,1
69e7715e36566621a8d798a6,EX1,Isopp,0,Transition alimentaire,transition_alimentaire,1
69e7715e36566621a8d798a6,EX1,Isopp,0,Utilisation d'une gamelle anti-glouton,distribution_repas,1
69e7715e36566621a8d798a6,EX1,Isopp,0,Ajouter des courgettes cuites à l'eau s'il n'est pas rassasié,cuisson;satiete_appetit,2
69e7715e36566621a8d798a6,EX1,Isopp,0,"Surveiller le poids d'Isopp, en le pesant toutes les deux semaines",,0
69e7715e36566621a8d798a6,EX2,Mochi,0,"Cuire les haricots et le riz à l'eau : pour le riz le temps de cuisson doit être 2 fois celui habituel pour humain. Si cuiseur à riz à disposition, utiliser le mode ""sushi""",cuisson,1
69e7715e36566621a8d798a6,EX2,Mochi,0,Ajouter l'huile après la cuisson des autres ingrédients,cuisson;ordre_ingredients,2
69e7715e36566621a8d798a6,EX2,Mochi,0,Répartir la ration en plusieurs petis repas étalés sur la journée,distribution_repas,1
69e7715e36566621a8d798a6,EX2,Mochi,0,Transition alimentaire sur 6 jours,transition_alimentaire,1
69e7715e36566621a8d798a6,EX2,Mochi,0,"Suivre le poids de Mochi, en le pesant toutes les 2 semaines",suivi_poids_et_clinique,1
69e7716d856a68218958e7df,EX1,Isopp,0,Réaliser la transition alimentaire sur 6 jours petit à petit,transition_alimentaire,1
69e7716d856a68218958e7df,EX1,Isopp,0,répartir les repas au long de la journée (2 à 3 repas),distribution_repas,1
69e7716d856a68218958e7df,EX1,Isopp,0,suivre l’évolution du poids d’Isopp,suivi_poids_et_clinique,1
69e7716d856a68218958e7df,EX2,Mochi,0,Pour cette ration ménagère :,,0
69e7716d856a68218958e7df,EX2,Mochi,0,"réaliser la transition alimentaire sur 6 jours, en augmentant peu à peu la proportion de la nouvelle ration par rapport à l’ancienne",transition_alimentaire,1
69e7716d856a68218958e7df,EX2,Mochi,0,"cuire le colin et le riz à l’eau, 2 fois plus de temps que pour l’humain",cuisson,1
69e7716d856a68218958e7df,EX2,Mochi,0,suivre l’évolution du poids de Mochi,suivi_poids_et_clinique,1
69e77170aaba88219721182d,EX1,Isopp,1,"Dans le cadre d'un plan de perte de poids, on propose un nouvelle ration avec une densité énergétique plus faible et un peu plus de protéines pour augmenter la satiété",transition_alimentaire;objectif_poids;satiete_appetit,3
69e77170aaba88219721182d,EX1,Isopp,1,"En plus de donner la nouvelle ration à Isopp, il faut :",transition_alimentaire,1
69e77170aaba88219721182d,EX1,Isopp,1,Réaliser un suivi du poids (le peser au moins 1 fois par semaine),suivi_poids_et_clinique,1
69e77170aaba88219721182d,EX1,Isopp,1,"Il est possible de diviser ses repas pour qu'il mange un plus grand nombre de fois par jour (par exemple passer à 3 repas/jour), sans augmenter la dose prescrite",,0
69e77170aaba88219721182d,EX1,Isopp,1,Utiliser des gamelles anti-glouton pour que Isopp fasse plus d'effort pour s'alimenter,distribution_repas,1
69e77170aaba88219721182d,EX1,Isopp,1,"Il est possible de réaliser une transition alimentaire sur 6 jours (2 jours à 75/25, 2 jours à 50/50, 2 jours à 25/75)",transition_alimentaire,1
69e77170aaba88219721182d,EX1,Isopp,1,"Augmenter l'activité de Isopp en lui proposant des balades plus longues, ou bien en le stimulant par le jeu",activite_physique,1
69e77170aaba88219721182d,EX1,Isopp,1,Eau à volonté,hydratation_eau,1
69e77170aaba88219721182d,EX2,Mochi,0,Conseils de cuisson :,cuisson,1
69e77170aaba88219721182d,EX2,Mochi,0,"Cuire le riz et la truite à la vapeur. Le riz est à cuire en mode sushi, 2 fois plus longtemps que pour un humain",cuisson,1
69e77170aaba88219721182d,EX2,Mochi,0,"Ajouter l'huile, le vit i 5 et les haricots après la cuisson du riz et de la truite",cuisson;complementation_cmv,2
69e77170aaba88219721182d,EX2,Mochi,0,Conseils de distribution :,distribution_repas,1
69e77170aaba88219721182d,EX2,Mochi,0,Eau à volonté,hydratation_eau,1
69e77170aaba88219721182d,EX2,Mochi,0,Distribuer la ration en plusieurs fois dans la journée,distribution_repas,1
69e77170aaba88219721182d,EX2,Mochi,0,"Réaliser un suivi du poids, au moins 1 fois par semaine pour vérifier que la ration convient à Mochi",suivi_poids_et_clinique,1
69e77170aaba88219721182d,EX2,Mochi,0,Proposer des jeux à Mochi afin de stimuler son activité,activite_physique,1
69e77172aaba882197211838,EX1,Isopp,0,Conseils:,,0
69e77172aaba882197211838,EX1,Isopp,0,Faire une transition alimentaire (6 jours),transition_alimentaire,1
69e77172aaba882197211838,EX1,Isopp,0,Diviser les repas,distribution_repas,1
69e77172aaba882197211838,EX1,Isopp,0,Utiliser si possible des gamelles ludiques (gamelle anti-glouton par exemple),distribution_repas,1
69e77172aaba882197211838,EX1,Isopp,0,Faire un suivi du poids,suivi_poids_et_clinique,1
69e77172aaba882197211838,EX1,Isopp,0,Bien respecter les quantités,,0
69e77172aaba882197211838,EX2,Mochi,0,Conseils:,,0
69e77172aaba882197211838,EX2,Mochi,0,Cuire les ingrédients à l'eau (Remarque: Le riz doit être cuit deux fois plus longtemps que pour l'alimentation humaine),cuisson,1
69e77172aaba882197211838,EX2,Mochi,0,Diviser les repas,distribution_repas,1
69e77172aaba882197211838,EX2,Mochi,0,Faire une transition alimentaire (6 jours),transition_alimentaire,1
69e77172aaba882197211838,EX2,Mochi,0,Réaliser un suivi de poids,suivi_poids_et_clinique,1
69e7718c36566621a8d799a0,EX1,Isopp,0,Dans un objectif de perte de poids et de problème de satiété : proposition d'un réequilibrage alimentaire avec un aliment plus riche en protéine mais moins dense énergetiquement,objectif_poids;satiete_appetit,2
69e7718c36566621a8d799a0,EX1,Isopp,0,Faire une transition alimentaire progressivement sur 6 jours,transition_alimentaire,1
69e7718c36566621a8d799a0,EX1,Isopp,0,Etre alerte si le problème de satiété persiste,satiete_appetit,1
69e7718c36566621a8d799a0,EX1,Isopp,0,Mesurer le poids toutes les semaines,suivi_poids_et_clinique,1
69e7718c36566621a8d799a0,EX2,Mochi,0,Faire une transition alimentaire progressive sur 6 jours,transition_alimentaire,1
69e7718c36566621a8d799a0,EX2,Mochi,0,Bien cuire le poulet et le riz (le riz deux fois plus que pour un humain),cuisson,1
69e7718c36566621a8d799a0,EX2,Mochi,0,Mesurer le poids toutes les deux semaines,suivi_poids_et_clinique,1
69e7718c36566621a8d799a0,EX2,Mochi,0,"Répartir en plusieurs petits repas dans la journée, éviter qu'il se goinfre (jeu de recherche de nourriture)",distribution_repas;activite_physique,2
69e7718faaba8821972118e1,EX1,Isopp,0,Objectif : perte de poids,objectif_poids,1
69e7718faaba8821972118e1,EX1,Isopp,0,"Nouvelle ration : Royal Canin Satiety, 300g par jour",transition_alimentaire,1
69e7718faaba8821972118e1,EX1,Isopp,0,Conseils :,,0
69e7718faaba8821972118e1,EX1,Isopp,0,Transition alimentaire sur 6 jours,transition_alimentaire,1
69e7718faaba8821972118e1,EX1,Isopp,0,Suivi du poids d'Isopp toutes les deux semaines,suivi_poids_et_clinique,1
69e7718faaba8821972118e1,EX1,Isopp,0,Diviser les repas (idéalement 3 repas par jour),distribution_repas,1
69e7718faaba8821972118e1,EX1,Isopp,0,Eau à volonté,hydratation_eau,1
69e7718faaba8821972118e1,EX1,Isopp,0,Les promenades quotidiennes sont recommandées,,0
69e7718faaba8821972118e1,EX2,Mochi,0,Ration ménagère,,0
69e7718faaba8821972118e1,EX2,Mochi,0,Transition alimentaire sur 6 jours,transition_alimentaire,1
69e7718faaba8821972118e1,EX2,Mochi,0,Le colin et le riz doivent être cuits à l'eau (la durée de cuisson est de deux fois celle pour un humain),cuisson,1
69e7718faaba8821972118e1,EX2,Mochi,0,Les aliments sont pesés avant cuisson et le Vit'i 5 est ajouté après cuisson des aliments,cuisson;suivi_poids_et_clinique;ordre_ingredients;complementation_cmv,4
69e7718faaba8821972118e1,EX2,Mochi,0,Suivre le poids de Mochi toutes les 2 semaines,suivi_poids_et_clinique,1
69e7718faaba8821972118e1,EX2,Mochi,0,Diviser les repas ou les disposer sur des activités de différentes difficultés,distribution_repas;activite_physique,2
69e7718faaba8821972118e1,EX2,Mochi,0,Eau à volonté,hydratation_eau,1
69e771a9856a68218958e928,EX1,Isopp,0,La nouvelle ration contient une densité energétique plus faible que la ration précédente et un taux de protéines plus grand (permettant une satieté plus rapide),transition_alimentaire;satiete_appetit,2
69e771a9856a68218958e928,EX1,Isopp,0,"La transition alimentaire se fait sur 6 jours, accompagné d'un suivi de poids hebdomadaire",transition_alimentaire;suivi_poids_et_clinique,2
69e771a9856a68218958e928,EX1,Isopp,0,LA ration peut être donnée dans une gamelle anti-glouton ou via des jeux,distribution_repas;activite_physique,2
69e771a9856a68218958e928,EX2,Mochi,0,Transition sur 6 jours,transition_alimentaire,1
69e771ab856a68218958e92f,EX1,Isopp,0,"Faire une transition alimentaire sur 6 jours, établir un suivi du poids pour voir si la ration convient ou si il faut l'adapter à nouveau",transition_alimentaire;suivi_poids_et_clinique,2
69e771ab856a68218958e92f,EX2,Mochi,0,réaliser une transition alimentaire et faire un suivi du poids pour voir si la ration convient. Cuire le riz (2 fois plus que le temps indiqué) et les légumes à l'eau et le poulet à la vapeur,transition_alimentaire;cuisson;suivi_poids_et_clinique,3
69e771ab856a68218958e931,EX1,Isopp,0,Suivi du poids toutes les 2 semaines,suivi_poids_et_clinique,1
69e771ab856a68218958e931,EX1,Isopp,0,Entamer une transition alimentaire :,transition_alimentaire,1
69e771ab856a68218958e931,EX1,Isopp,0,J1 et J2 : 75% ancienne ration 25% nouvelle,transition_alimentaire,1
69e771ab856a68218958e931,EX1,Isopp,0,J3 et J4 : 50% ancienne ration 50% nouvelle,transition_alimentaire,1
69e771ab856a68218958e931,EX1,Isopp,0,J5 et J6 : 25% ancienne ration 75%nouvelle,transition_alimentaire,1
69e771ab856a68218958e931,EX1,Isopp,0,À partir de J7 : 100% nouvelle ration,transition_alimentaire,1
69e771ab856a68218958e931,EX1,Isopp,0,Donner à la main peut augmenter l’appétence,,0
69e771ab856a68218958e931,EX2,Mochi,0,Cuisson : riz et colin à l’eau,cuisson,1
69e771ab856a68218958e931,EX2,Mochi,0,Ajout du vit’i5 et de l’huile après cuisson,cuisson;ordre_ingredients,2
69e771ab856a68218958e931,EX2,Mochi,0,Suivi du poids toutes les 2 semaines,suivi_poids_et_clinique,1
69e771ab856a68218958e931,EX2,Mochi,0,Entamer une transition alimentaire :,transition_alimentaire,1
69e771ab856a68218958e931,EX2,Mochi,0,J1 et J2 : 75% ancienne ration 25% nouvelle,transition_alimentaire,1
69e771ab856a68218958e931,EX2,Mochi,0,J3 et J4 : 50% ancienne ration 50% nouvelle,transition_alimentaire,1
69e771ab856a68218958e931,EX2,Mochi,0,J5 et J6 : 25% ancienne ration 75%nouvelle,transition_alimentaire,1
69e771ab856a68218958e931,EX2,Mochi,0,À partir de J7 : 100% nouvelle ration,transition_alimentaire,1
69e771ad856a68218958e934,EX1,Isopp,0,faire une transition alimentaire sur 6 jours,transition_alimentaire,1
69e771ad856a68218958e934,EX1,Isopp,0,faire un suivi du poids au moins toutes les 2 semaines,suivi_poids_et_clinique,1
69e771ad856a68218958e934,EX1,Isopp,0,séparer la ration en 2 repas,distribution_repas,1
69e771ad856a68218958e934,EX1,Isopp,0,proposer de enrichissements tels que l’usage d’un tapis de fouille pour augmenter le temps de la prise alimentaire,enrichissement_environnement,1
69e771ad856a68218958e934,EX2,Mochi,0,faire cuire le riz deux fois plus longtemps que le temps indiqué sur le paquet (deux fois plus longtemps que pour la consommation humaine),cuisson,1
69e771ad856a68218958e934,EX2,Mochi,0,"diviser les courgettes, ainsi que le poisson, en petits morceaux pour faciliter la prise alimentaire",morceaux_decoupe,1
69e771bfaaba8821972119b0,EX1,Isopp,0,Effectuer un suivi de poids au vu de potentielles réadaptations,suivi_poids_et_clinique,1
69e771bfaaba8821972119b0,EX1,Isopp,0,"Proposer une activité physique : promenades de durée à augmenter progressivement selon son état de forme, mais attention aux articulations au vu de son poids et sa taille",activite_physique,1
69e771bfaaba8821972119b0,EX1,Isopp,0,Pour diminuer la sentation de faim :,,0
69e771bfaaba8821972119b0,EX1,Isopp,0,"Diviser la ration en plusieurs repas, la cacher dans des jouets (adaptés à la taille et la force du chien pour éviter leur ingestion) ou une gamelle anti glouton",distribution_repas,1
69e771bfaaba8821972119b0,EX1,Isopp,0,"Proposer des activités intellectuelles (travail, fouille, mastication...) en dehors des repas",activite_physique,1
69e771bfaaba8821972119b0,EX2,Mochi,0,"Faire une transition alimentaire sur au moins une semaine, surveiller son état  (diarrhée, vomissements, douleurs abdominales...)",transition_alimentaire,1
69e771bfaaba8821972119b0,EX2,Mochi,0,"Bien cuire tous les aliments sauf l'huile et le Vit'i5, idéalement à la vapeur mais éventuellement à l'eau (ne pas faire griller)",cuisson;complementation_cmv,2
69e771bfaaba8821972119b0,EX2,Mochi,0,"Bien mélanger la ration s'il trie ses aliments. C'est un chat adulte, donc potentiellement plus réticent à manger des aliments inconnus",preparation_recette,1
69e771bfaaba8821972119b0,EX2,Mochi,0,Diviser la ration idéalement en 3 à 5 repas,distribution_repas,1
69e771bfaaba8821972119b0,EX2,Mochi,0,"Sur le long terme, rester attentif à son poids car c'est un chat inactif",justification_clinique,1
69e771c836566621a8d79a9b,EX1,Isopp,0,Réaliser une transition alimentaire sur 6 jours,transition_alimentaire,1
69e771c836566621a8d79a9b,EX1,Isopp,0,Fractionner les repas (2 à 3 repas par jour),distribution_repas,1
69e771c836566621a8d79a9b,EX1,Isopp,0,Réaliser un suivi du poids (pesée toutes les semaines avec les ASV) et prévoir une consultation de suivi,suivi_poids_et_clinique,1
69e771c836566621a8d79a9b,EX2,Mochi,0,Réaliser une transition alimentaire sur 6 jours,transition_alimentaire,1
69e771c836566621a8d79a9b,EX2,Mochi,0,"Cuire le riz à l’eau sans sel, deux fois plus longtemps que pour l’alimentation humaine",cuisson,1
69e771c836566621a8d79a9b,EX2,Mochi,0,Cuire le poisson à l’eau ou à l’autocuiseur sans sel,cuisson,1
69e771c836566621a8d79a9b,EX2,Mochi,0,Réaliser un suivi du poids de l’animal et prendre rendez-vous pour une consultation de suivi,suivi_poids_et_clinique,1
69e771c836566621a8d79a9b,EX2,Mochi,0,Fractionner les repas au cours de la journée (le plus de repas possible),distribution_repas,1
69e771c836566621a8d79a9b,EX2,Mochi,0,Proposer des jeux d’enrichissement pour stimuler l’animal et augmenter son niveau d’activité physique,activite_physique;enrichissement_environnement,2
69e771c936566621a8d79aa0,EX1,Isopp,0,réaliser une transition alimentaire sur 6 jours,transition_alimentaire,1
69e771c936566621a8d79aa0,EX1,Isopp,0,réaliser un suivi du poids,suivi_poids_et_clinique,1
69e771c936566621a8d79aa0,EX1,Isopp,0,utiliser une gamelle anti glouton pour augmenter le sentiment de satiété,distribution_repas;satiete_appetit,2
69e771c936566621a8d79aa0,EX2,Mochi,0,réaliser une transition alimentaire sur 6 jours,transition_alimentaire,1
69e771c936566621a8d79aa0,EX2,Mochi,0,bien cuire tous les aliments à l’eau (2 fois plus que pour les humains pour le riz),cuisson,1
69e771c936566621a8d79aa0,EX2,Mochi,0,réaliser un suivi du poids,suivi_poids_et_clinique,1
69e771d336566621a8d79ad1,EX1,Isopp,0,La ration actuelle d'Isopp est trop riche par rapport à ses besoins,justification_clinique,1
69e771d336566621a8d79ad1,EX1,Isopp,0,"C'est un mâle castré, il faudrait donc le nourrir avec un aliment pour chien stérilisé",,0
69e771d336566621a8d79ad1,EX1,Isopp,0,"Il faudra faire une transition alimentaire sur une semaine avec les nouvelles croquettes, et peser Isopp régulièrement afin de suivre son poids",transition_alimentaire;suivi_poids_et_clinique,2
69e771d336566621a8d79ad1,EX2,Mochi,0,"Cette ration ménagère couvre les besoins énergétiques de Mochi, avec des protéines, glucides, lipides, vitamines et oligo-éléments",complementation_cmv,1
69e771d336566621a8d79ad1,EX2,Mochi,0,"La courgette permet d'apporter de l'eau, le chat étant un petit buveur",hydratation_eau;justification_clinique,2
69e771d336566621a8d79ad1,EX2,Mochi,0,Il faudrait néanmoins enrichir l'intérieur pour ses dépenses énergetiques,,0
69e771edaaba882197211a4d,EX1,Isopp,0,Conseils nutritionnels :,,0
69e771edaaba882197211a4d,EX1,Isopp,0,Suivre le poids d'Isopp toutes les 2 semaines,suivi_poids_et_clinique,1
69e771edaaba882197211a4d,EX1,Isopp,0,Faire une transition alimentaire sur 6j,transition_alimentaire,1
69e771edaaba882197211a4d,EX1,Isopp,0,Distribuer en 2 à 3 repas par jours,distribution_repas,1
69e771edaaba882197211a4d,EX2,Mochi,0,Préparation de la ration :,,0
69e771edaaba882197211a4d,EX2,Mochi,0,"Cuire le riz, les haricots et le colin à la vapeur ou à l'auto-cuiseur",cuisson,1
69e771edaaba882197211a4d,EX2,Mochi,0,Bien cuire le riz pour qu'il soit plus digeste (au moins 2 fois plus que pour nous),cuisson,1
69e771edaaba882197211a4d,EX2,Mochi,0,Ajouter l'huile et les minéraux après la cuisson,cuisson;ordre_ingredients;complementation_cmv,3
69e771edaaba882197211a4d,EX2,Mochi,0,Servir tiède,preparation_recette,1
69e771edaaba882197211a4d,EX2,Mochi,0,Ne pas congeler après avoir préparé la ration,,0
69e771edaaba882197211a4d,EX2,Mochi,0,Conseils nutritionnels :,,0
69e771edaaba882197211a4d,EX2,Mochi,0,Suivre le poids de Mochi toutes les 2 semaines,suivi_poids_et_clinique,1
69e771edaaba882197211a4d,EX2,Mochi,0,Faire une transition alimentaire,transition_alimentaire,1
69e771edaaba882197211a4d,EX2,Mochi,0,Fractionner la ration et distribuer en plusieurs repas sur toute la journée,distribution_repas,1
69e771f5856a68218958ea5a,EX1,Isopp,0,Prevoir une transition alimentaire sur 6 jours,transition_alimentaire,1
69e771f5856a68218958ea5a,EX1,Isopp,0,Proposer une gamelle antiglouton/ jeux pour rendre l'accès à la nourriture plus difficile,distribution_repas;activite_physique,2
69e771f5856a68218958ea5a,EX1,Isopp,0,Suivi du poids toute les deux semaines à la clinique,suivi_poids_et_clinique,1
69e771f5856a68218958ea5a,EX2,Mochi,0,Transition alimentaire,transition_alimentaire,1
69e771f5856a68218958ea5a,EX2,Mochi,0,Fractionner le repas en plusieurs fois dans la journée,distribution_repas,1
69e771f5856a68218958ea5a,EX2,Mochi,0,conseils de cuisson; cuire le poisson et  le riz à l'eau (2 fois plus longtemps que pour les humains pour le riz),cuisson,1
69e771f5856a68218958ea5a,EX2,Mochi,0,suivi du poids à la clinique,suivi_poids_et_clinique,1
69e771f5856a68218958ea5a,EX2,Mochi,0,rajouter l'huile et le complément vit'i5 après cuisson,cuisson;ordre_ingredients;complementation_cmv,3
69e771f5856a68218958ea5a,EX2,Mochi,0,bien melanger pour eviter le tri alimentaire,preparation_recette;interdits_aliments,2
69e771f5aaba882197211a74,EX1,Isopp,0,Faire une transition alimentaire,transition_alimentaire,1
69e771f5aaba882197211a74,EX1,Isopp,0,Diviser la ration et donner un repas le matin et un le soir,distribution_repas,1
69e771f5aaba882197211a74,EX1,Isopp,0,suivi du poids,suivi_poids_et_clinique,1
69e771f5aaba882197211a74,EX1,Isopp,0,faire des balades pour le rendre moins sédentaire et favoriser sa perte de poids,activite_physique;objectif_poids,2
69e771f5aaba882197211a74,EX2,Mochi,0,Conseil cuisson : cuire la poulet et le riz à l'eau. Le temps de cuisson du riz est doublé par rapport à celui de l'humain,cuisson,1
69e771f5aaba882197211a74,EX2,Mochi,0,Diviser la ration pour donner plusieurs fois par jour tout au long de la journée,distribution_repas,1
69e771f9856a68218958ea6c,EX1,Isopp,0,Réaliser un suivi du poids de l'animal,suivi_poids_et_clinique,1
69e771f9856a68218958ea6c,EX1,Isopp,0,Faire une transition alimentaire,transition_alimentaire,1
69e771f9856a68218958ea6c,EX1,Isopp,0,Distribuer les repas en 2 ou 3 fois dans la journée,distribution_repas,1
69e771f9856a68218958ea6c,EX1,Isopp,0,Proposer à l'animal un contact social pour l'activité,activite_physique,1
69e771f9856a68218958ea6c,EX2,Mochi,0,Fuire cuir le poulet et le riz à l'eau (le riz deux fois plus que pour humains),cuisson,1
69e771f9856a68218958ea6c,EX2,Mochi,0,Réaliser un suivi de poids toutes les 2 semaines,suivi_poids_et_clinique,1
69e771f9856a68218958ea6c,EX2,Mochi,0,Réaliser une transition alimentaire pendant 6 jours,transition_alimentaire,1
69e771f9856a68218958ea6c,EX2,Mochi,0,Distribuer les repas en plusieurs fois sur la journée,distribution_repas,1
69e771fdaaba882197211a98,EX1,Isopp,0,"étant donné que c'est un chien en surpoids il serait nécessaire tout d'abord de réaliser un suivi du poids de façon régulière, de plus j'ai cherché à baisser la densité énergétique pour favoriser la perte de poids",suivi_poids_et_clinique;objectif_poids,2
69e771fdaaba882197211a98,EX1,Isopp,0,ne pas trop donner de friandises et favoriser les promenades,,0
69e771fdaaba882197211a98,EX2,Mochi ,0,essayer de tout cuire à l'eau ou à a la vapeur. Réaliser aussi un suivi du poids pour voir si la ration correspond,cuisson;suivi_poids_et_clinique,2
69e77206856a68218958ea95,EX1,Isopp,0,On propose une alimentation à base de croquettes et d'aliment humide,,0
69e77206856a68218958ea95,EX1,Isopp,0,"On propose donc des croquettes moins denses énergétiquement et avec un taux supérieur de protéines. Pour éviter la faim, on ajoute la pâtée va participer à augmenter la satiété",satiete_appetit,1
69e77206856a68218958ea95,EX1,Isopp,0,On propose alors la nouvelle ration en réalisant une transition alimentaire sur 6 jours avec la ration précédente,transition_alimentaire,1
69e77206856a68218958ea95,EX1,Isopp,0,"On donne deux repas par jour, un le matin et un autre le soir",,0
69e77206856a68218958ea95,EX1,Isopp,0,On continue de faire un suivi de poids régulier (hebdomadaire),suivi_poids_et_clinique,1
69e77206856a68218958ea95,EX2,Mochi,0,Procéder à une transition alimentaire sur 6 jours avec l'ancienne ration,transition_alimentaire,1
69e77206856a68218958ea95,EX2,Mochi,0,Poursuivre le suivi de poids régulier,suivi_poids_et_clinique,1
69e77206856a68218958ea95,EX2,Mochi,0,Bien cuire le riz à l'eau (deux fois plus que le temps indiqué sur le paquet),cuisson,1
69e77206856a68218958ea95,EX2,Mochi,0,Cuire le poisson à la vapeur ou bouilli à l'eau,cuisson,1
69e77206856a68218958ea95,EX2,Mochi,0,N'ajouter qu'une fois la cuisson terminée l'huile et le Vit'I5 (pour ne pas dégrader les nutriments avec la chaleur),cuisson;complementation_cmv,2
69e77206856a68218958ea95,EX2,Mochi,0,Ne pas saler,,0
69e77206856a68218958ea95,EX2,Mochi,0,Servir tiède,preparation_recette,1
69e7720caaba882197211ad5,EX1,Isopp,0,Nouvelle ration: 400g par jour de croquettes Mobility+Satiety Royal Canin,transition_alimentaire,1
69e7720caaba882197211ad5,EX1,Isopp,0,Dans la mesure du possible augmenter petit à petit son activité physique journalière et donner sa ration en plusieurs fois notamment sous forme de jeux et de récompenses,distribution_repas;activite_physique,2
69e77233aaba882197211b79,EX1,Isopp,0,Faire un suivi de poids régulier (toutes les semaines ou 1 semaine sur 2),suivi_poids_et_clinique,1
69e77233aaba882197211b79,EX1,Isopp,0,Faire une transition alimentaire pour commencer la nouvelle ration,transition_alimentaire,1
69e77233aaba882197211b79,EX1,Isopp,0,Proposer les croquettes dans une gamelle anti-glouton,distribution_repas,1
69e77233aaba882197211b79,EX1,Isopp,0,Proposer plus d'activité si possible,activite_physique,1
69e77233aaba882197211b79,EX2,Mochi,0,Faire un suivi de poids régulier,suivi_poids_et_clinique,1
69e77233aaba882197211b79,EX2,Mochi,0,Faire une transition alimentaire,transition_alimentaire,1
69e7723baaba882197211b9f,EX1,Isopp,0,Faire un suivi du poidss régulier à la clinique (tous les 10 jours au minimum au début),suivi_poids_et_clinique,1
69e7723baaba882197211b9f,EX1,Isopp,0,"Proposer plus de sorties, essayer les sports canin",,0
69e7723baaba882197211b9f,EX1,Isopp,0,Diviser la ration en 2 repas par jour,distribution_repas,1
69e7723baaba882197211b9f,EX1,Isopp,0,Transition alimentaire sur 6 jours,transition_alimentaire,1
69e7723baaba882197211b9f,EX2,Mochi,0,Diviser la ration en au moins 2 repas par jour,distribution_repas,1
69e7723baaba882197211b9f,EX2,Mochi,0,Cuire le riz à l’eau (2 fois plus longtemps que le temps pour humain),cuisson,1
69e7723baaba882197211b9f,EX2,Mochi,0,Cuire les légumes à la vapeur,cuisson,1
69e7723baaba882197211b9f,EX2,Mochi,0,Cuire le poisson à la vapeur,cuisson,1
69e7723baaba882197211b9f,EX2,Mochi,0,Rajouter l’huile post cuisson,cuisson,1
69e7723baaba882197211b9f,EX2,Mochi,0,Transition alimentaire sur 6 jours,transition_alimentaire,1
69e7723baaba882197211b9f,EX2,Mochi,0,Suivi régulier de l’animal et de son poids nécessaire,suivi_poids_et_clinique,1
69e7725c36566621a8d79d1f,EX1,Isopp,0,Faire une transition alimentaire progressive sur 6 jours,transition_alimentaire,1
69e7725c36566621a8d79d1f,EX1,Isopp,0,Faire un suivi de poids en pesant Isopp tous les deux semaines,suivi_poids_et_clinique,1
69e7725c36566621a8d79d1f,EX1,Isopp,0,"Repartir la ration en plusieurs petits repas, la mettre dans une gamelle anti-glouton et des jouets",distribution_repas,1
69e7725c36566621a8d79d1f,EX2,Mochi,0,Faire une transition alimentaire,transition_alimentaire,1
69e7725c36566621a8d79d1f,EX2,Mochi,0,Faire un suivi du poids en pesant Mochi tous les deux semaines,suivi_poids_et_clinique,1
69e7725c36566621a8d79d1f,EX2,Mochi,0,Repartir la ration en plusieurs petits repas,distribution_repas,1
69e7725c36566621a8d79d1f,EX2,Mochi,0,Conseil de cuison : cuire le colin et le riz à l'eau. Cuire le riz le double du temps indiqué sur l'emballage. Ajouter l'huile de colza et le Vit'i5 juste avant de servir le repas,cuisson;distribution_repas;complementation_cmv,3
69e7728036566621a8d79dc7,EX1,Isopp,0,Réaliser une transition alimentaire (en 1 à 2 semaines),transition_alimentaire,1
69e7728036566621a8d79dc7,EX1,Isopp,0,Espacer les repas dans la journée,distribution_repas,1
69e7728036566621a8d79dc7,EX1,Isopp,0,Réaliser un suivi du poids,suivi_poids_et_clinique,1
69e7728036566621a8d79dc7,EX1,Isopp,0,Utiliser une gamelle anti-glouton,distribution_repas,1
69e7728036566621a8d79dc7,EX2,Mochi,0,Réaliser une cuisson à la vapeur pour le riz et le poulet,cuisson,1
69e7728036566621a8d79dc7,EX2,Mochi,0,Le riz doit être cuit deux fois plus longtemps que pour les humains,cuisson,1
69e7728036566621a8d79dc7,EX2,Mochi,0,Ajouter l'huile après cuisson,cuisson;ordre_ingredients,2
69e7728036566621a8d79dc7,EX2,Mochi,0,Réaliser une transition alimentaire (une à deux semaines),transition_alimentaire,1
69e7728036566621a8d79dc7,EX2,Mochi,0,Réaliser un suivi du poids,suivi_poids_et_clinique,1
69e7728036566621a8d79dc7,EX2,Mochi,0,Espacer les repas dans la journée,distribution_repas,1
69e7728036566621a8d79dc7,EX2,Mochi,0,Distribuer les repas dans des jeux,distribution_repas;activite_physique,2
69e7728136566621a8d79de0,EX1,Isopp,0,Réaliser une transition alimentaire (6 jours),transition_alimentaire,1
69e7728136566621a8d79de0,EX1,Isopp,0,"Donner la ration journalière en plusieurs repas (2, idéalement 3)",distribution_repas,1
69e7728136566621a8d79de0,EX1,Isopp,0,Utiliser des tapis de jeux,activite_physique,1
69e7728136566621a8d79de0,EX2,Mochi,0,"Cuire le poulet, les haricots et le riz à la vapeur",cuisson,1
69e7728136566621a8d79de0,EX2,Mochi,0,Ajouter l'huile de colza et le Vit'i5 après cuisson,cuisson;ordre_ingredients;complementation_cmv,3
69e77283aaba882197211d2e,EX1,Isopp,0,Réaliser une transition alimentaire sur 6 jours,transition_alimentaire,1
69e77283aaba882197211d2e,EX1,Isopp,0,Réaliser un suivi du poids toutes les 2 semaines,suivi_poids_et_clinique,1
69e77283aaba882197211d2e,EX1,Isopp,0,Diviser les repas en 2 à 3 repas et utiliser une gamelle anti gluton,distribution_repas,1
69e77283aaba882197211d2e,EX1,Isopp,0,Eau à volonté,hydratation_eau,1
69e77283aaba882197211d2e,EX2,Mochi,0,Réaliser transition alimentaire sur 6 jours,transition_alimentaire,1
69e77283aaba882197211d2e,EX2,Mochi,0,Suivre le poids toutes les 2 semaines,suivi_poids_et_clinique,1
69e77283aaba882197211d2e,EX2,Mochi,0,Diviser les repas (10 à 20 repas par jour) et enrichir l'environnement (en cachant les aliments dans 70% des cas un jouet simple et 30% des cas un jouet difficile),distribution_repas;enrichissement_environnement,2
69e77283aaba882197211d2e,EX2,Mochi,0,"Cuire le poulet à l'eau, les riz à l'eau et 2 fois plus longtemps que pour nous et les haricots cuit à la vapeur",cuisson,1
69e7728436566621a8d79e1c,EX1,Isopp,0,Faire la transition alimentaire avec la nouvelle ration proposée sur 6j,transition_alimentaire,1
69e7728436566621a8d79e1c,EX1,Isopp,0,Répartir les repas sur la journée (2-3 repas par jour) et les distribuer sous forme de jeu,distribution_repas;activite_physique,2
69e7728436566621a8d79e1c,EX1,Isopp,0,Faire un suivi de poids toute les semaines,suivi_poids_et_clinique,1
69e7728436566621a8d79e1c,EX2,Mochi,0,Faire cuire le riz et le colin à la vapeur,cuisson,1
69e7728436566621a8d79e1c,EX2,Mochi,0,Faire une transition alimentaire sur 6 jours,transition_alimentaire,1
69e7728436566621a8d79e1c,EX2,Mochi,0,Faire le suivi du poids toute les 2 semaines,suivi_poids_et_clinique,1
69e77285aaba882197211d47,EX1,Isopp,0,Faire une transition alimentaire de 6 jours,transition_alimentaire,1
69e77285aaba882197211d47,EX1,Isopp,0,"Faire un suivi du poids toutes les 2 semaines, et suivi en consultation",suivi_poids_et_clinique,1
69e77285aaba882197211d47,EX1,Isopp,0,"Augmenter les activités physique (balade, jeux)",activite_physique,1
69e77285aaba882197211d47,EX1,Isopp,0,Mettre des croquettes (cachée) dans des jouets,,0
69e77285aaba882197211d47,EX2,Mochi,0,Faire une transition alimentaire de 6 jours,transition_alimentaire,1
69e77285aaba882197211d47,EX2,Mochi,0,Faire un suivi de poids toutes les semaines/ 2 semaines,suivi_poids_et_clinique,1
69e77285aaba882197211d47,EX2,Mochi,0,conseil de cuisson : cuire le riz 2 fois plus longtemps que pour les humains. Cuire le blanc de poulet et le riz dans de l'eau. (Cuiseur à riz optimal),cuisson,1
69e77285aaba882197211d47,EX2,Mochi,0,Distribuer le repas en plusieurs portions au cours de la journée,distribution_repas,1
69e7728a856a68218958ed1b,EX1,Iopp,0,Plan perte de poids :,objectif_poids,1
69e7728a856a68218958ed1b,EX1,Iopp,0,faire une transition alimentaire de 6 jours,transition_alimentaire,1
69e7728a856a68218958ed1b,EX1,Iopp,0,répartir les repas dans la journée,distribution_repas,1
69e7728a856a68218958ed1b,EX1,Iopp,0,suivre le poids de Isopp toutes les 2 semaines,suivi_poids_et_clinique,1
69e7728a856a68218958ed1b,EX1,Iopp,0,faire faire de l'exercice à Isopp (promenade),activite_physique,1
69e7728a856a68218958ed1b,EX2,Mochi,0,faire une transition alimentaire de 6 jours,transition_alimentaire,1
69e7728a856a68218958ed1b,EX2,Mochi,0,répartir la ration en plusieurs repas sur la journée,distribution_repas,1
69e7728a856a68218958ed1b,EX2,Mochi,0,faire cuire le colin et le riz à l'eau (faire cuire deux fois plus longtemps que pour l'humain),cuisson,1
69e7728a856a68218958ed1b,EX2,Mochi,0,suivre le poids de Mochi toutes les 2 semaines,suivi_poids_et_clinique,1
69e7728baaba882197211d8b,EX1,Isopp,0,"Conseils pour la nouvelle ration : Transition alimentaire , divisé le repas en plusieurs fois, gamelle de jeu pour que le chien y passe plus de temps et faire un suivi du poids toutes les deux semaines",transition_alimentaire;distribution_repas;suivi_poids_et_clinique;activite_physique,4
69e7728baaba882197211d8b,EX2,Mochi,0,"Conseils : temps de cuisson du riz : 2 fois le temps pour l'humain,  transtion alimentaire recommandée , divison de la ration dans la journée  , suivi du poids ,",cuisson;suivi_poids_et_clinique,2
69e7729736566621a8d79ea5,EX1,Isopp,0,Continuer à suivre le poids,suivi_poids_et_clinique,1
69e7729736566621a8d79ea5,EX1,Isopp,0,Proposer la nourriture dans une gamelle anti-glouton ou des tapis de fouilles,distribution_repas,1
69e7729736566621a8d79ea5,EX1,Isopp,0,proposer la ration sur plusieurs repas espacés (2-3 fois par jour),distribution_repas,1
69e7729736566621a8d79ea5,EX2,Mochi,0,Cuir à la vapeur d’eau ou à l’eau les ingrédients,cuisson,1
69e7729736566621a8d79ea5,EX2,Mochi,0,cuir 2fois plus de temps le riz que le temps préconisé en humaine,cuisson,1
69e7729736566621a8d79ea5,EX2,Mochi,0,suivre le poids,suivi_poids_et_clinique,1
69e772b1856a68218958ee17,EX1,Isopp,0,"Faire une transition alimentaire sur quelques jours, mettre en place une gamelle anti-glouton et faire un suivi du poids",transition_alimentaire;distribution_repas;suivi_poids_et_clinique,3
69e772b1856a68218958ee17,EX2,Mochi,0,"Faire transition alimentaire sur 6 jours et suivre le poids de l'animal. Pour la cuisson des aliments, privilégier la cuisson à la vapeur",transition_alimentaire;cuisson;suivi_poids_et_clinique,3
69e772b3aaba882197211e61,EX1,Isopp,0,Réaliser une transition alimentaire sur 6jours,transition_alimentaire,1
69e772b3aaba882197211e61,EX1,Isopp,0,Diviser les repas et les distribuer dans des gamelles anti-gloutons,distribution_repas,1
69e772b3aaba882197211e61,EX1,Isopp,0,Laisser un bol d’eau fraîche à volonté,hydratation_eau,1
69e772b3aaba882197211e61,EX1,Isopp,0,Peser Isopp toutes les 2 semaines,suivi_poids_et_clinique,1
69e772b3aaba882197211e61,EX2,Mochi,0,Faire une transition alimentaire sur 6jours,transition_alimentaire,1
69e772b3aaba882197211e61,EX2,Mochi,0,Cuire le poisson et le riz à l’eau (cuire le riz deux fois plus longtemps que pour un humain),cuisson,1
69e772b3aaba882197211e61,EX2,Mochi,0,Diviser les repas en petites quantités réparties sur la journée,distribution_repas,1
69e772b3aaba882197211e61,EX2,Mochi,0,Laisser de l’eau frâche à volonté,,0
69e772b3aaba882197211e61,EX2,Mochi,0,"Suivre le poids de Mochi, le peser toutes les 2 semaines",suivi_poids_et_clinique,1
69e772c0856a68218958ee75,EX1,Isopp,0,Changement de ration : une transition sur minimum 1 semaine est nécessaire. Division du repas en 2 : 125g le midi et 125g le soir,transition_alimentaire;distribution_repas,2
69e772c0856a68218958ee75,EX2,Mochi,0,Ration à diviser en plusieurs petits repas par jour si possible (ex: 4 repas de 36g),distribution_repas,1
69e772ccaaba882197211ee8,EX1,Isopp,0,transition alimentaire de 6 jours,transition_alimentaire,1
69e772ccaaba882197211ee8,EX1,Isopp,0,faire un suivi clinique  du poids,suivi_poids_et_clinique,1
69e772ccaaba882197211ee8,EX1,Isopp,0,"favoriser les jeux, activité physique",activite_physique,1
69e772ccaaba882197211ee8,EX1,Isopp,0,diviser la ration en petites quantités pour favoriser la satiété,distribution_repas;satiete_appetit,2
69e772ccaaba882197211ee8,EX2,Mochi,0,faire une transition alimentaire,transition_alimentaire,1
69e772ccaaba882197211ee8,EX2,Mochi,0,cuisson riz environ deux fois plus lontemps que pour notre cuisson du riz,cuisson,1
69e772ccaaba882197211ee8,EX2,Mochi,0,cuire les haricots à la vapeur ainsi que la viande,cuisson,1
69e772ccaaba882197211ee8,EX2,Mochi,0,ajouter l'huile et les vitamines après la cuisson,cuisson;ordre_ingredients;complementation_cmv,3
69e772ccaaba882197211ee8,EX2,Mochi,0,a volonté,,0
69e772ccaaba882197211ee8,EX2,Mochi,0,ne pas mettre dans les jouets pour des questions d'humidité,,0
69e772ccaaba882197211ee8,EX2,Mochi,0,suivi clinique du poids pour voir si la ration lui convient bien,suivi_poids_et_clinique,1
69e772de36566621a8d79fd6,EX1,Isopp,0,faire une transition alimentaire,transition_alimentaire,1
69e772de36566621a8d79fd6,EX1,Isopp,0,suivre le poids du chien régurlièrement (toutes les 2 semaines),suivi_poids_et_clinique,1
69e772de36566621a8d79fd6,EX1,Isopp,0,Possibilité d'ajouter des courgettes cuites à l'eau pour atteindre la satiété,cuisson;satiete_appetit,2
69e772de36566621a8d79fd6,EX1,Isopp,0,"Mettre les croquettes dans des jeux, enrichissements pour que ça prenne plus de temps à Isopp pour manger",activite_physique,1
69e772de36566621a8d79fd6,EX2,Mochi,0,conseil cuisson : cuire a l'eau le poisson et le riz (la cuisson est 2 fois plus longue pour le riz que pour un humain),cuisson,1
69e772de36566621a8d79fd6,EX2,Mochi,0,faire un suivi régulier du poid de Mochi toutes les 2 semaines,suivi_poids_et_clinique,1
69e772de36566621a8d79fd6,EX2,Mochi,0,Faire une transition alimentaire,transition_alimentaire,1
69e772de36566621a8d79fd6,EX2,Mochi,0,diviser en plusieurs repas dans la journée la ration,distribution_repas,1
69e772e4aaba882197211f45,EX1,Isopp,0,Pour commencer faire une transition alimentaire sur 6 jours,transition_alimentaire,1
69e772e4aaba882197211f45,EX1,Isopp,0,Donner le repas en plusieurs fois (2-3 repas par jour),distribution_repas,1
69e772e4aaba882197211f45,EX1,Isopp,0,Mettre une gamelle anti-glouton pour permettre au chien de manger moins vite et d'améliorer sa satiété,distribution_repas;satiete_appetit,2
69e772e4aaba882197211f45,EX1,Isopp,0,Mettre de l'eau dans les croquettes afin d'améliorer la satiété,satiete_appetit,1
69e772e4aaba882197211f45,EX1,Isopp,0,Et enfin on fait un suivi clinique mais surtout du poid,suivi_poids_et_clinique,1
69e772e4aaba882197211f45,EX2,Mochi ,0,Pour cette ration ménagère :,,0
69e772e4aaba882197211f45,EX2,Mochi ,0,Faire une transition alimentaire,transition_alimentaire,1
69e772e4aaba882197211f45,EX2,Mochi ,0,"Cuire à la vapeur le colin,le riz (deux fois plus que pour l'humain pour le riz)",cuisson,1
69e772e4aaba882197211f45,EX2,Mochi ,0,Suivi clinique à faire et surtout le poid,suivi_poids_et_clinique,1
69e7731aaaba88219721201d,EX1,Isopp,0,Faire une transition alimentaire sur 6 jours,transition_alimentaire,1
69e7731aaaba88219721201d,EX1,Isopp,0,Faire un suivi du poids toutes les deux semaines,suivi_poids_et_clinique,1
69e7731aaaba88219721201d,EX1,Isopp,0,Diviser la ration sur toute la journée,distribution_repas,1
69e7731aaaba88219721201d,EX2,Mochi,0,Faire une transition alimentaire sur 6 jours,transition_alimentaire,1
69e7731aaaba88219721201d,EX2,Mochi,0,Faire un suivi du poids toutes les deux semaines,suivi_poids_et_clinique,1
69e7731aaaba88219721201d,EX2,Mochi,0,Diviser la ration sur toute la journée,distribution_repas,1
69e7731aaaba88219721201d,EX2,Mochi,0,Conseil de cuisson:,cuisson,1
69e7731aaaba88219721201d,EX2,Mochi,0,"faire cuire le poulet, les haricots et le riz à l’eau (2 fois plus longtemps que l’homme)",cuisson,1
69e7731aaaba88219721201d,EX2,Mochi,0,ajouter les vitamines et l’huile de colza après cuisson du riz du poulet et des haricot,cuisson;ordre_ingredients;complementation_cmv,3
69e7731caaba88219721202c,EX1,Isopp,0,transition alimentaire sous 6 jours,transition_alimentaire,1
69e7731caaba88219721202c,EX1,Isopp,0,utiliser une gamelle anti-glouton,distribution_repas,1
69e7731caaba88219721202c,EX1,Isopp,0,utiliser des jeux pour qu'il mange moins vite,activite_physique,1
69e7731caaba88219721202c,EX1,Isopp,0,séparer les repas en 2-3 fois par jour,distribution_repas,1
69e7731caaba88219721202c,EX2,Mochi,0,Cuire le riz en mode sushi ou à l'eau (deux fois plus longtemps que pour les humains),cuisson,1
69e7731caaba88219721202c,EX2,Mochi,0,cuire les aliments à l'eau,cuisson,1
69e7731caaba88219721202c,EX2,Mochi,0,"si Mochi avait des croquettes avant, faire une transition alimentaire sous 6 jours",transition_alimentaire,1
69e7731eaaba882197212031,EX1,ISOPP,0,donner la ration en deux fois (moitié matin/moitié soir),distribution_repas,1
69e7731eaaba882197212031,EX1,ISOPP,0,donner la ration dans une gamelle anti-glouton et/ou dans des jeux,distribution_repas;activite_physique,2
69e7731eaaba882197212031,EX1,ISOPP,0,suivre le poids toutes les deux semaines pour voir évolution,suivi_poids_et_clinique,1
69e7731eaaba882197212031,EX1,ISOPP,0,"augmenter l'activité physique : le sortir plus souvent en liberté, pour des moments de jeux ou bien faire un sport canin avec lui. Essayer d'avoir 2h d'activité par jour minimum",activite_physique,1
69e7731eaaba882197212031,EX2,Mochi,0,Transition alimentaire sur 6/7j,transition_alimentaire,1
69e7731eaaba882197212031,EX2,Mochi,0,Faire attention au tri des aliments lors des repas,,0
69e7731eaaba882197212031,EX2,Mochi,0,Suivi du poids toutes les deux semaines environ,suivi_poids_et_clinique,1
69e7731eaaba882197212031,EX2,Mochi,0,Pourquoi pas répartir les repas en deux : matin et soir,distribution_repas,1
69e7731eaaba882197212031,EX2,Mochi,0,"Cuisson riz/poulet : cuire à l'eau (deux fois plus de temps que les humains), ou cuire à l'auto-cuiseur à riz mode Sushi",cuisson,1
69e7736136566621a8d7a1d7,EX1,Isopp,0,Royal canin satiety pour diminuer la sensation de faim (même quantité mais plus de protéine et densité énergétique plus faible),satiete_appetit,1
69e7736136566621a8d7a1d7,EX1,Isopp,0,Royal canin neutered faible densité énergétique mais aussi plus faible en protéine donc sensation de faim non diminué,satiete_appetit,1
69e7736136566621a8d7a1d7,EX1,Isopp,0,transition alimentaire sur 6 jours pour éviter les diarrhées,transition_alimentaire;interdits_aliments,2
69e7736136566621a8d7a1d7,EX1,Isopp,0,augmenter l'activité physique si possible mais pas juste après les repas,activite_physique,1
69e7736136566621a8d7a1d7,EX1,Isopp,0,Faire un suivi de poids et avoir l'objectif qu'il fasse environ 25kg reprendre rendez vous d'ici la pour réadapter la ration,suivi_poids_et_clinique,1
69e7736136566621a8d7a1d7,EX2,Mochi,0,peut remplacer le colin par du poule,,0
69e7736136566621a8d7a1d7,EX2,Mochi,0,peut remplacer haricot par des courgettes,,0
69e7736136566621a8d7a1d7,EX2,Mochi,0,cuire les aliments à la vapeur pour conserver les propriétés,cuisson,1
69e7736136566621a8d7a1d7,EX2,Mochi,0,servir entre 27 et 30 degrés,,0
69e7736136566621a8d7a1d7,EX2,Mochi,0,haricot soit en boite de conserve soit frais avec du sel,,0
69e7736136566621a8d7a1d7,EX2,Mochi,0,si avant croquette faire une transition sur 6j,transition_alimentaire,1
69e7736136566621a8d7a1d7,EX2,Mochi,0,(quantité de colin semble élevé et quantité de haricot semble faible ?),,0
69e77382aaba8821972121d2,EX1,Isopp,0,"Réaliser une transition alimentaire sur 6 jours entre l'ancien aliment et le nouveau : 2 jours avec 75% de l'ancien aliment et 25% du nouveau, 2 jours à 50%-50% et 2 jours avec 25% de l'ancien aliment et 75% du nouveau",transition_alimentaire,1
69e77382aaba8821972121d2,EX1,Isopp,0,Possibilité de rajouter des courgettes ou des haricots vert (bouillis sans ajout de sel) à l'alimentation si le chien a faim,cuisson,1
69e77382aaba8821972121d2,EX1,Isopp,0,Possibilité de cacher les croquettes dans des jeux (types tapis de fouilles) afin de ralentir l'ingestion du chien et que la sensation de satiété se mette en place,activite_physique;enrichissement_environnement;satiete_appetit,3
69e77382aaba8821972121d2,EX2,Mochi,0,Bien cuire le poisson sans rien y ajouter,cuisson,1
69e77382aaba8821972121d2,EX2,Mochi,0,Faire bien cuire le riz (à l'autocuiseur en mode sushi),cuisson,1
69e77382aaba8821972121d2,EX2,Mochi,0,Faire cuire les haricots sans rien y ajouter,cuisson,1
69e77382aaba8821972121d2,EX2,Mochi,0,Ajouter les vitamines et vit'i5 après que tout ait été mélangé et cuit,cuisson;ordre_ingredients;complementation_cmv,3
69e77382aaba8821972121d2,EX2,Mochi,0,Attendre que la ration refroidisse avant de la donner au chat,,0
69e773ad856a68218958f272,EX1,Isopp,0,Nouvelle ration qui devrait davantage rassasier Isopptout en étant moins dense énergetiquement cela devrait lui permettre de perdrfe du poids,transition_alimentaire;satiete_appetit;justification_clinique,3
69e773ad856a68218958f272,EX2,Mochi,0,Cuire le riz et le poisson à l'eau ou cuiseur à riz,cuisson,1
69e773ad856a68218958f27a,EX1,Isopp,0,Il faut réaliser une transition alimentaire avec la nouvelle ration virbac (densité énergétique plus faible et plus riche en protéine),transition_alimentaire,1
69e773ad856a68218958f27a,EX1,Isopp,0,Il faudrait aussi diviser la prise de repas et faire un suivi du poids (avec éventuellement une visite à la clinique d'ici 1 mois),suivi_poids_et_clinique,1
69e773ad856a68218958f27a,EX1,Isopp,0,Il serait intéressant d'utiliser une gamelle antiglouton ou tapis de fouille,distribution_repas;enrichissement_environnement,2
69e773ad856a68218958f27a,EX1,Isopp,0,"Si cela est possible il faudrait aussi que Isopp soit plus actif, pour cela augmenter le nombre de sortie et/ou la durée",activite_physique,1
69e773ad856a68218958f27a,EX2,Mochi,0,"Cuire le colin, le riz et les courgettes à l'eau",cuisson,1
69e773ad856a68218958f27a,EX2,Mochi,0,Cuire le riz deux fois plus longtemps que temps pour humain,cuisson,1
69e773ad856a68218958f27a,EX2,Mochi,0,Il faut réaliser une transition alimentaire et faire un suivi du poids,transition_alimentaire;suivi_poids_et_clinique,2
69e773ad856a68218958f27a,EX2,Mochi,0,Divisée la prise de repas,,0
69e773ae36566621a8d7a377,EX1,Isopp,0,effectuer un suivi de perte de poids de Isopp,suivi_poids_et_clinique;objectif_poids,2
69e773ae36566621a8d7a377,EX1,Isopp,0,effectuer une transition alimentaire de deux semaines,transition_alimentaire,1
69e773ae36566621a8d7a377,EX1,Isopp,0,distribuer plusieurs repas pour améliorer la satiété,distribution_repas;satiete_appetit,2
69e773ae36566621a8d7a377,EX2,Mochi,0,"faire cuire le riz et les haricots à la vapeur (2 fois plus de temps que pour les humains pour le riz), mettre l'huile et le CMV à la fin (ne pas les cuire)",cuisson;complementation_cmv,2
69e773ae36566621a8d7a377,EX2,Mochi,0,distribuer plusieurs petits repas,distribution_repas,1
69e773ae36566621a8d7a377,EX2,Mochi,0,effectuer une transition alimentaire d'au moins 2 semaines si Mochi mangeait des croquettes auparavant,transition_alimentaire,1
69e773ae36566621a8d7a377,EX2,Mochi,0,effectuer un suivi de Mochi,suivi_poids_et_clinique,1
69e773b3856a68218958f2dd,EX1,Isopp,0,Alimentation a donner en 2 repas par jour avec des jeux ludique pour le chien pour favoriser la consommation,distribution_repas;activite_physique,2
69e773b3856a68218958f2dd,EX1,Isopp,0,Donner en deux fois 137g (ration equilibre),distribution_repas,1
69e773b3856a68218958f2dd,EX1,Isopp,0,Favoriser des marches en meme temps pour permettre la perte de poids (2-3h d'activite par jour),activite_physique;objectif_poids,2
69e773b3856a68218958f2dd,EX1,Isopp,0,"Si presence d'autres chien favoriser la consomation d'aliment ensemble, espece sociale",,0
69e773b3856a68218958f2dd,EX2,Mochi,0,Cuir le riz (2 fois cuisson humaine),cuisson,1
69e773b3856a68218958f2dd,EX2,Mochi,0,Rajouter huile et vitamines/mineraux apres la cuisson de riz et poisson,cuisson;complementation_cmv,2
69e773b3856a68218958f2dd,EX2,Mochi,0,"Donner l'aliment avec de l'eau a cote, favoriser hydratation",hydratation_eau,1
69e773b3856a68218958f2dd,EX2,Mochi,0,"A donner en plusieurs fois, petits repas pour le chat (6-8 fois par jour)",distribution_repas,1
69e773b3856a68218958f2dd,EX2,Mochi,0,A donner la ration menagere avec des jeux ludiques pour aider la prise alimentaire,distribution_repas;activite_physique,2
69e773b6aaba882197212355,EX1,Isopp,0,transition alimentaire sur 6 jours,transition_alimentaire,1
69e773b6aaba882197212355,EX1,Isopp,0,possibilité de prise sociale (dans la main),aspects_sociaux,1
69e773b6aaba882197212355,EX1,Isopp,0,croquettes à mettre dans une gamelle antiglouton ou jeux,distribution_repas;activite_physique,2
69e773b6aaba882197212355,EX1,Isopp,0,séparer la ration en deux repas (matin soir) ou trois,distribution_repas,1
69e773b6aaba882197212355,EX1,Isopp,0,essayer de sortir un peu plus et de le stimuler,,0
69e773b6aaba882197212355,EX2,Mochi,0,faire cuire le riz et les haricots à l'eau,cuisson,1
69e773b6aaba882197212355,EX2,Mochi,0,faire cuire le colin,cuisson,1
69e773b6aaba882197212355,EX2,Mochi,0,ajoutez ensuite huile de colza et Vt'i5,,0
69e773b6aaba882197212355,EX2,Mochi,0,transition alimentaire sur 6 jours,transition_alimentaire,1
69e773b6aaba882197212355,EX2,Mochi,0,possibilité de prise sociale (à la main),aspects_sociaux,1
69e773b8856a68218958f303,EX1,Isopp,0,Passage à une alimentation mixte : 1 boîte de pâtée (Royal Canin Neutered Adult humide)+ 145g de croquettes (Royal Canin Satiety),,0
69e773b8856a68218958f303,EX1,Isopp,0,Transition alimentaire en 6 jours :,transition_alimentaire,1
69e773b8856a68218958f303,EX1,Isopp,0,J1 et J2 : donner 75% de l'ancien aliment + 25% du nouveau,transition_alimentaire,1
69e773b8856a68218958f303,EX1,Isopp,0,J3 et J4 : donner 50% de l'ancien aliment + 50% du nouveau,transition_alimentaire,1
69e773b8856a68218958f303,EX1,Isopp,0,J5 et J6 : donner 25% de l'ancien aliment + 75% du nouveau,transition_alimentaire,1
69e773b8856a68218958f303,EX1,Isopp,0,Toujours veiller à laisser de l'eau accessible et à volonté,,0
69e773b8856a68218958f303,EX1,Isopp,0,"Nourrir Isopp 2 fois par jour à distance des activités sportives et balades, si possible dans une gamelle anti-glouton ou autre support visant à ralentir la prise alimentaire",distribution_repas;activite_physique,2
69e773b8856a68218958f303,EX1,Isopp,0,Surveiller régulièrement le poids (1 fois par semaine),,0
69e773b8856a68218958f303,EX1,Isopp,0,Proposer des activités physiques et/ou des temps de jeu à Isopp,activite_physique,1
69e773ba856a68218958f315,EX1,Isopp,0,Conseils nutritionnels :,,0
69e773ba856a68218958f315,EX1,Isopp,0,donner la ration en plusieurs fois (3 repas par jour),distribution_repas,1
69e773ba856a68218958f315,EX1,Isopp,0,transition alimentaire sur 6 jours,transition_alimentaire,1
69e773ba856a68218958f315,EX1,Isopp,0,suivi du poids (peser toutes les 2 semaines),suivi_poids_et_clinique,1
69e773ba856a68218958f315,EX1,Isopp,0,enrichissements,,0
69e773ba856a68218958f315,EX2,Mochi,0,Conseils nutritionnels :,,0
69e773ba856a68218958f315,EX2,Mochi,0,cuire le colin et le riz à l'eau (cuire du riz deux fois plus qu'en humaine),cuisson,1
69e773ba856a68218958f315,EX2,Mochi,0,ajouter l'huile et le Vit'i5 orange après,complementation_cmv,1
69e773ba856a68218958f315,EX2,Mochi,0,Transition alimentaire sur 6 jours,transition_alimentaire,1
69e773ba856a68218958f315,EX2,Mochi,0,Donner le repas en plusieurs fois,distribution_repas,1
69e773ba856a68218958f315,EX2,Mochi,0,Suivi du poids : peser Moshi toutes les 2 semaines,suivi_poids_et_clinique,1
69e773ba856a68218958f315,EX2,Mochi,0,enrichissements,,0
69e773d636566621a8d7a4b3,EX1,Isopp,0,Changement de la ration alimentaire : 250 g/jour de croquettes Virbac,,0
69e773d636566621a8d7a4b3,EX1,Isopp,0,Moins de croquettes mais plus de proteines qui a une action sur la satiete,satiete_appetit,1
69e773d636566621a8d7a4b3,EX1,Isopp,0,"Chien inactif, il peut être interessant de mettre en place des activites en cachant des croquettes dans des jouets",activite_physique,1
69e773d6856a68218958f3b5,EX1,Isopp,0,Transition alimentaire en 6j (75/25 ; 50/50 ; 25/75),transition_alimentaire,1
69e773d6856a68218958f3b5,EX1,Isopp,0,Gamelle anti-glouton,distribution_repas,1
69e773d6856a68218958f3b5,EX1,Isopp,0,ration diviser en deux repas dans la journée,distribution_repas,1
69e773d6856a68218958f3b5,EX1,Isopp,0,Suivre le poids régulièrement (tous les 1-2 jours),suivi_poids_et_clinique,1
69e773d6856a68218958f3b5,EX1,Isopp,0,Faire plus d'activités,activite_physique,1
69e773d6856a68218958f3b5,EX2,Mochi,0,peser le riz et le colin avant cuisson,cuisson;suivi_poids_et_clinique;ordre_ingredients,3
69e773d6856a68218958f3b5,EX2,Mochi,0,cuir le riz blanc et le colin à l'eau pendant deux fois plus de temps que pour un humain,cuisson,1
69e773d6856a68218958f3b5,EX2,Mochi,0,transition alimentaire en 6 jours,transition_alimentaire,1
69e773d6856a68218958f3b5,EX2,Mochi,0,diviser la ration en deux repas par jours,distribution_repas,1
69e773d6856a68218958f3b5,EX2,Mochi,0,suivre le poids,suivi_poids_et_clinique,1
69e773db856a68218958f3cc,EX1,Isopp,0,Transition alimentaire sur 6 jours,transition_alimentaire,1
69e773db856a68218958f3cc,EX1,Isopp,0,Possibilité de cacher les croquettes dans des jeux (kong par exemple),activite_physique;enrichissement_environnement,2
69e773db856a68218958f3cc,EX1,Isopp,0,Gamelle anti glouton pour manger plus lentement et améliorer la satiété,distribution_repas;satiete_appetit,2
69e773db856a68218958f3cc,EX1,Isopp,0,Essayer de faire 1h de ballade tranquille par jour,,0
69e773db856a68218958f3cc,EX2,Mochi,0,Transition alimentaire sur 6 jours,transition_alimentaire,1
69e773db856a68218958f3cc,EX2,Mochi,0,Cuisson vapeur pour tout les aliments. Pour le riz prévoir de doubler le temps de cuisson par rapport à l’habituel (ce qui est marqué sur le paquet),cuisson,1
69e773e1856a68218958f3ea,EX1,Isopp,0,"Afin de faire perdre du poids à votre chien, je vous propose de passer à un aliment complet humide (moins dense énergétiquement)",transition_alimentaire,1
69e773e1856a68218958f3ea,EX1,Isopp,0,"Ainsi votre chien mangera beaucoup plus en quantité, aura donc moins faim et prendra moins de poids (couverture énergétique de 100% pour cette ration contre 158% pour la ration précédente)",,0
69e773e1856a68218958f3ea,EX1,Isopp,0,"Attention à la transition alimentaire: à effectuer sur 6 jours avec 2 jours à 75% ancien aliment/25%nouvel aliment, puis 2 jours à 50/50 et enfin 2 jours à 25%/75%",transition_alimentaire,1
69e773e1856a68218958f3ea,EX1,Isopp,0,"Veuillez suivre régulièrement le poids de l'animal, afin d'être sûr qu'il ne tombe pas dans l'anorexie",suivi_poids_et_clinique,1
69e773e1856a68218958f3ea,EX2,Mochi,0,"Je vous propose cette ration ménagère, avec les 5 sources essentiels (protéines,minéraux,énergie,fibres et lipides)",complementation_cmv,1
69e773e1856a68218958f3ea,EX2,Mochi,0,Attention à la cuisson du riz: bien cuit pour faciliter la digestibilité,cuisson,1
69e773e1856a68218958f3ea,EX2,Mochi,0,Ajouter l'huile de colza et le Vit'i5 seulement après la cuisson,cuisson;complementation_cmv,2
69e773e1856a68218958f3ea,EX2,Mochi,0,"Pensez à mettre cette alimentation au maximum sous forme de jeu et penser à faire une transition alimentaire entre la ration actuel et la nouvelle ration (6jours de transition, 2 jours à 75/25, 2 jours à 50/50, 2 jours à 25/75)",transition_alimentaire;activite_physique,2
69e773eeaaba882197212485,EX2,Mocchi,0,Réaliser une transition alimentaire sur une semaine,transition_alimentaire,1
69e773eeaaba882197212485,EX2,Mocchi,0,Etaler la ration journalière en plusieurs repas sur la journée,distribution_repas,1
69e773eeaaba882197212485,EX2,Mocchi,0,Cuire les ingrédients (colin et riz) à l'eau ou à l'autocuiseur (le riz doit être cuit le double de temps de la cuisson indiquée sur le paquet),cuisson,1
69e773eeaaba882197212485,EX2,Mocchi,0,Contrôler et faire un suivi du poids de l'animal (toutes les deux semaines environ),suivi_poids_et_clinique,1
69e773eeaaba882197212485,EX1,Isopp,0,Realiser une transition alimentaire (sur une semaine),transition_alimentaire,1
69e773eeaaba882197212485,EX1,Isopp,0,Etaler la prise de la ration sur la journée,,0
69e773eeaaba882197212485,EX1,Isopp,0,Réaliser un suivi du poids de Isopp (par exemple tous les 15 jours),suivi_poids_et_clinique,1
69e773f336566621a8d7a54d,EX1,Isopp,0,Je recommande cette nouvelle alimentation pour chiens castrés dans le but d’une perte de poids,objectif_poids,1
69e773f336566621a8d7a54d,EX1,Isopp,0,"Je vous conseille de faire une transition alimentaire progressive entre l’ancienne et la nouvelle alimentation de Isopp, en faisant deux repas par jour",transition_alimentaire,1
69e773f336566621a8d7a54d,EX1,Isopp,0,On peut aussi lui proposer une gamelle anti glouton pour qu’il prenne le temps de prendre son repas sans se précipiter et ainsi augmenter le sentiment de satiété,distribution_repas;satiete_appetit,2
69e773f336566621a8d7a54d,EX1,Isopp,0,Je préconise aussi des visites régulières de suivi pour pouvoir suivre l’évolution de son poids et adapter en fonction la ration,suivi_poids_et_clinique,1
69e773f336566621a8d7a54d,EX2,Mochi,0,"Je recommande cette alimentation en ration ménagère pour Mochi dans le but de préserver son poids actuel, avec une transition alimentaire progressive étalée dans le temps",transition_alimentaire,1
69e773f336566621a8d7a54d,EX2,Mochi,0,"Pour la préparation de cette ration, il faut bien cuire le riz blanc à l’eau, environ deux fois le temps de cuisson indiqué",cuisson,1
69e773f336566621a8d7a54d,EX2,Mochi,0,Il faut aussi cuire à la vapeur les courgettes et le blanc de poulet,cuisson,1
69e773f336566621a8d7a54d,EX2,Mochi,0,Il faut bien veiller à ne pas cuire l’huile de colza ni les complètements en minéraux et vitamines car ils risqueraient de perdre leur propriétés nutritives,cuisson;complementation_cmv;justification_clinique,3
69e773f336566621a8d7a54d,EX2,Mochi,0,Je préconise des visites de suivi pour avoir un suivi de l’évolution de son poids,suivi_poids_et_clinique,1
69e7741b36566621a8d7a5cc,EX1,Isopp,0,Réaliser une transition alimentaire petit à petit en mélangeant au fur de plus en pus la nouvelle ration à l'ancienne pour habituer Isopp,transition_alimentaire,1
69e7741b36566621a8d7a5cc,EX1,Isopp,0,Faire un suivi du poids régulier pour contrôler que cette nouvelle ration lui convient,transition_alimentaire;suivi_poids_et_clinique,2
69e7741b36566621a8d7a5cc,EX1,Isopp,0,"Proposer l'alimentation en 2 repas, on peut également lui proposer dans un tapis de fouille ou une gamelle anti-glouton pour ralentir la prise de repas et ainsi limiter son sentiment de faim",distribution_repas;enrichissement_environnement,2
69e7741b36566621a8d7a5cc,EX2,Mochi,0,Cuire les aliments à la vapeur et sans sel,cuisson,1
69e7741b36566621a8d7a5cc,EX2,Mochi,0,Peser les quantités crues,cuisson;suivi_poids_et_clinique,2
69e7741b36566621a8d7a5cc,EX2,Mochi,0,Réaliser un suivi du poids régulier pour vérifier que la ration ménagère lui convient et que son poids reste stable,suivi_poids_et_clinique,1
69e7741b36566621a8d7a5cc,EX2,Mochi,0,Réaliser une transition alimentaire,transition_alimentaire,1
69e7741b36566621a8d7a5cc,EX2,Mochi,0,Proposer les repas en plusieurs fois dans la journée : au moins 3 ou 4 à différents moments de la journée,distribution_repas,1
69e7741b36566621a8d7a5cc,EX2,Mochi,0,Disposer les repas dans des gamelles de jeux pour enrichir son environnement et occuper le chat,activite_physique,1
69e77430856a68218958f513,EX1,Isopp,0,Effectuer un suivi du poids régulier à la clinique avec les ASV pour modifier la ration si besoin,suivi_poids_et_clinique,1
69e77430856a68218958f513,EX1,Isopp,0,Transition alimentaire en 6j,transition_alimentaire,1
69e77430856a68218958f513,EX1,Isopp,0,Utiliser une gamelle anti-glouton,distribution_repas,1
69e77430856a68218958f513,EX1,Isopp,0,Diviser les repas,distribution_repas,1
69e77430856a68218958f513,EX1,Isopp,0,Alimentation sous forme de jeu,activite_physique,1
69e77430856a68218958f513,EX2,Mochi,0,Suivi régulier du poids à la clinique avec les ASV pour modifier la ration si besoin,suivi_poids_et_clinique,1
69e77430856a68218958f513,EX2,Mochi,0,Transition alimentaire en 6 jours,transition_alimentaire,1
69e77430856a68218958f513,EX2,Mochi,0,Cuisson du colin et du riz à l'eau et faire cuire le riz 2 fois plus longtemps que pour nous,cuisson,1
69e77430856a68218958f513,EX2,Mochi,0,Diviser les repas,distribution_repas,1
69e77430856a68218958f513,EX2,Mochi,0,Alimentation sous forme de jeu,activite_physique,1
69e7744baaba8821972125e7,EX1,Isopp,0,"Observation : la ration actuelle couvre 138% des besoin métabolique du chien, ce qui explique la prise de poids",objectif_poids,1
69e7744baaba8821972125e7,EX1,Isopp,0,il faut donc trouver une nouvelle alimentation commerciale couvrant les besoin du chien mais pas plus; ainsi qu'un aliment qui augmente la satiété,satiete_appetit,1
69e7744baaba8821972125e7,EX1,Isopp,0,Donc nous cherchons des croquettes avec une densité calorique plus faible pour ne pas a avoir à diminuer la quantité de croquette donné,,0
69e7744baaba8821972125e7,EX1,Isopp,0,Nous recommandons également de diviser la prise de la nourriture en 2 temps (le matin et le soir et d'utiliser des jouer afin que le chien prenne plus de temps pour manger et ainsi atteigne la satiété,distribution_repas;activite_physique;satiete_appetit;justification_clinique,4
69e7744baaba8821972125e7,EX1,Isopp,0,on peut se focaliser sur les croquettes sterilisé pour diminuer la densité energétique,,0
69e7744baaba8821972125e7,EX1,Isopp,0,"sur 44, le royal canin etait le 7 eme plus dense énergétiquement",,0
69e7744baaba8821972125e7,EX1,Isopp,0,nous voulons des croquettes qui fasse ressentir la satiété donc des croquettes avec quand meme beaucoup de protéine,satiete_appetit,1
69e7744baaba8821972125e7,EX1,Isopp,0,j'ai choisi de mettre 275g de croquette (divisé en 2 repas) de stérilisé adult small virbac (c'est des petites croquettes c'est pas génial pour les dents....),distribution_repas,1
69e7744baaba8821972125e7,EX1,Isopp,0,on peut également compléter la ration avec de l'aliment humide moins dense energetiquement et pouvent permettre d'atteindre la satiété,satiete_appetit;justification_clinique,2
69e7744baaba8821972125e7,EX1,Isopp,0,(si je voulais mettre de l'aliment humide il aurait fallu que ce soit de la même marque mais je n'ai pas trouvé et je n'ai plus le temps),,0
69e7744baaba8821972125e7,EX1,Isopp,0,Faire une transition avec les nouvelles croquettes sur 6 jours en diminuant petit à petit les ancienne et en augmentant petit à petit les nouvelles,transition_alimentaire,1
69e7744baaba8821972125e7,EX1,Isopp,0,Vérifier dans le mois qui arrive la bonne prise de nourriture et l'état moral et physique du chien,,0
69e7744baaba8821972125e7,EX1,Isopp,0,"Revenir dans 1 mois, puis régulièrment, pour réaliser un suivit du poids du chien et ajuster la quantité de croquette si perte de poids exessive par exemple",objectif_poids,1
69e7746436566621a8d7a71c,EX1,Isopp,0,Possibilité d’ajout de courgette bien cuite si le chien a encore faim avec 340g de ration,cuisson,1
69e77464aaba882197212657,EX1,Isopp,0,Effectuer une transition alimentaire sur une semaine. Fractionner les repas,transition_alimentaire;distribution_repas,2
69e77464aaba882197212657,EX1,Isopp,0,"Faire un suivi de poids toutes les semaines, avec des rdv de suivi toutes les deux semaines",suivi_poids_et_clinique,1
69e77464aaba882197212657,EX2,Mochi,0,Cuire la viande et le riz à l'eau et cuire les haricots à la vapeur,cuisson,1
69e77464aaba882197212657,EX2,Mochi,0,Veiller à ce que le chat ne fasse pas de tri,,0
69e77464aaba882197212657,EX2,Mochi,0,Fractionner les repas,distribution_repas,1
69e77464aaba882197212657,EX2,Mochi,0,Effectuer un suivi de poids dans 2 semaines pour s'assurer que la ration correspond au chat,suivi_poids_et_clinique,1
69e77464aaba882197212657,EX2,Mochi,0,Vérifier que le chat s'hydrate bien,,0
69e77494856a68218958f6c3,EX1,Isopp,0,On remarque que les croquettes d'Isopp lui apporte trop d'énergie et que le taux de protéines est un peu bas,,0
69e77494856a68218958f6c3,EX1,Isopp,0,On va chercher à diminuer la densité énergétique des croquettes et augmenter le taux de protéines pour améliorer la satiété,satiete_appetit,1
69e77494856a68218958f6c3,EX1,Isopp,0,"Pour cela, on conseille de :",,0
69e77494856a68218958f6c3,EX1,Isopp,0,donner les croquettes Satiety de chez Royal Canin avec 375 g/jour,,0
69e77494856a68218958f6c3,EX1,Isopp,0,faire une transition alimentaire sur 6 jours,transition_alimentaire,1
69e77494856a68218958f6c3,EX1,Isopp,0,répartir en 3 repas par jour,distribution_repas,1
69e77494856a68218958f6c3,EX2,Mochi,0,"Voir la ration ménagère avec les quantités dans ""Rations""",,0
69e77494856a68218958f6c3,EX2,Mochi,0,Conseils :,,0
69e77494856a68218958f6c3,EX2,Mochi,0,"réaliser une cuisson des aliments à l'eau (riz, haricots verts et colin)",cuisson,1
69e77494856a68218958f6c3,EX2,Mochi,0,cuire le riz 2 fois plus longtemps que pour les humains,cuisson,1
69e77494856a68218958f6c3,EX2,Mochi,0,répartir la ration en plusieurs repas par jour (2 ou 3),distribution_repas,1
69e7749f36566621a8d7a836,EX1,Isopp,0,"nouvelles croquettes plus riches en protéines, plus rassasiantes, et réduire la portion se limiter à 230 gr/jour réaliser la transition sur une une semaine minium",transition_alimentaire,1
69e7749f36566621a8d7a836,EX2,MOCHI ,0,"Faire cuire tout les aliments, bien faire cuire le riz",cuisson,1
69e774bd856a68218958f76e,EX1,Isopp,0,Transition alimentaire à réaliser au fur et à mesure,transition_alimentaire,1
69e774bd856a68218958f76e,EX1,Isopp,0,sur l'espace d'une semaine,,0
69e774bd856a68218958f76e,EX1,Isopp,0,"Donner les nouvelles croquettes à la main au début ou comme des friandises, puis faire un mélange dans la gamelle avec les croquettes acuelles (respecter les 300g), jusqu'à mettre 300g que des nouvelles croquettes",,0
69e774bd856a68218958f76e,EX1,Isopp,0,Croquettes à fournir dans des gamelles antigloutons et/ou jeux afin que la prise alimentaire soit plus lente et donc qu'Isopp ait le sentiment de satiété,activite_physique;satiete_appetit,2
69e774bd856a68218958f76e,EX2,Mochi,0,Croquettes adaptés aux chats adultes stérilisés,,0
69e774d9856a68218958f7ff,EX1,Isopp,0,Faire une transition alimentaire,transition_alimentaire,1
69e774d9856a68218958f7ff,EX1,Isopp,0,Faire un suivi du poids toutes les 2 semaines,suivi_poids_et_clinique,1
69e774d9856a68218958f7ff,EX2,Mochi,0,Bien faire cuire le riz (2 fois le temps indiqué pour nous),cuisson,1
69e774d9856a68218958f7ff,EX2,Mochi,0,Faire une transition alimentaire,transition_alimentaire,1
69e774d9856a68218958f7ff,EX2,Mochi,0,Faire un suivi du poids toutes les 2 semaines,suivi_poids_et_clinique,1
69e774da36566621a8d7a94d,EX1,Isopp,0,"faire un suivi de l'animal ainsi que de son poids, transition alimentaire de 6 jours, facilitation sociale, diviser en plusieurs petits repas, gamelle anti-glouton",transition_alimentaire;distribution_repas;suivi_poids_et_clinique,3
69e774da36566621a8d7a94d,EX2,Mochi,0,"faire un suivi de l'animal et de son poids, faire une transition alimentaire de 6 jours, diviser en plusieurs petits repas",transition_alimentaire;distribution_repas;suivi_poids_et_clinique,3
69e774da36566621a8d7a94d,EX2,Mochi,0,"conseils de cuisson : faire cuire à l'eau le poulet et le riz (faire cuire le riz 2 fois plus longtemps que pour un humain), faire cuire les haricots à la vapeur",cuisson,1
69e774ec36566621a8d7aa01,EX1,Isopp,0,Plan de perte de poids : faire une transition alimentaire sur une semaine entre la ration actuelle (Royal Canin Adult) et la nouvelle ration proposée (Neutered Adult Large Dog),transition_alimentaire;objectif_poids,2
69e774ec36566621a8d7aa01,EX1,Isopp,0,Diviser la ration journalière en trois repas pour limiter la faim,distribution_repas,1
69e774ec36566621a8d7aa01,EX1,Isopp,0,"Réaliser un suivi du poids une fois par semaine si présence d'une balance au domicile, sinon venir à la clinique pour la pesée",suivi_poids_et_clinique,1
69e774ec36566621a8d7aa01,EX2,Mochi,0,Peser les aliments crus (avant cuisson),cuisson;suivi_poids_et_clinique;ordre_ingredients,3
69e774ec36566621a8d7aa01,EX2,Mochi,0,"Cuire à l'eau les haricots, le poisson et le riz",cuisson,1
69e774ec36566621a8d7aa01,EX2,Mochi,0,Le riz doit être cuit deux fois plus longtemps que pour une ration destinée à l'Homme,cuisson,1
69e774ec36566621a8d7aa01,EX2,Mochi,0,"Diviser la ration en 3-4 repas par jour et placer dans un bol posé à des endroits différents, pour stimuler la recherche des aliments par Mochi (ne pas laisser moisir)",distribution_repas,1
69e774ec36566621a8d7aa01,EX2,Mochi,0,Faire un suivi régulier du poids,suivi_poids_et_clinique,1
69e774ef856a68218958f8ee,EX1,Isopp,0,Fractionner les repas,distribution_repas,1
69e774ef856a68218958f8ee,EX1,Isopp,0,Suivi du poid toute des deux semaines,suivi_poids_et_clinique,1
69e774ef856a68218958f8ee,EX1,Isopp,0,transition alimentaire en 6 jours,transition_alimentaire,1
69e774ef856a68218958f8ee,EX1,Isopp,0,Pour augmenter la satiete donner des legumes type haricot vert appertisé (50g) ou courgette (150g),satiete_appetit,1
69e774ef856a68218958f8ee,EX1,Isopp,0,Ralentir la prise alimentaire (jouer type kong/tapis de fouille...),activite_physique;enrichissement_environnement,2
69e774ef856a68218958f8ee,EX1,Isopp,0,si encore trop faim consulter et se pencher sur un aliment encore plus proteiné,,0
69e774ef856a68218958f8ee,EXO2,Mochi,0,2x le temps de cuisson habituel au rice cookeur,cuisson,1
69e774ef856a68218958f8ee,EXO2,Mochi,0,trasktion alimentaire wur 6 jours,,0
69e774ef856a68218958f8ee,EXO2,Mochi,0,suivi du poid toute lesdeux semaine,suivi_poids_et_clinique,1
69e774ef856a68218958f8ee,EXO2,Mochi,0,ajouter huile et viti5 apres cuisson,cuisson;preparation_recette;ordre_ingredients;complementation_cmv,4
69e774ef856a68218958f8ee,EXO2,Mochi,0,fractioner lesrepas,,0
69e77599aaba882197212c04,EX1,Isopp,0,"Faire une transition alimentaire sur 6 à 7 jour, diviser en plusieurs repas par jour, faire un suivi du poids régulièrement (toutes les deux semaines)",transition_alimentaire;distribution_repas;suivi_poids_et_clinique,3
69e77599aaba882197212c04,EX2,Mochi,0,"Diviser les repas, suivi du poids tout les deux semaines",distribution_repas;suivi_poids_et_clinique,2
69e77599aaba882197212c04,EX2,Mochi,0,Cuisson du poisson et du riz la vapeur. Riz : temps deux fois supérieur à celui de l'Homme,cuisson,1
69e7761636566621a8d7af46,EX2,Mochi,0,faire une transition alimentaire sur une semaine,transition_alimentaire,1
69e7761636566621a8d7af46,EX2,Mochi,0,conseils de préparation:,preparation_recette,1
69e7761636566621a8d7af46,EX2,Mochi,0,"Faire cuire les courgettes, le riz et le poisson à l'eau pendant une temps deux fois plus long que celui préconisé pour l'homme (si possible faire cuire le riz dans un autocuiseur en mode sushi )",cuisson,1
69e7761636566621a8d7af46,EX2,Mochi,0,Ajouter après cuison l'huile et le vit'i5,complementation_cmv,1
69e7761636566621a8d7af46,EX2,Mochi,0,donner la préparation en plusieurs petits repas dans la journée,distribution_repas,1
69e7761636566621a8d7af46,EX2,Mochi,0,"(-favoriser la prise de boisson du chat en renouvellant son eau régulièrement, si possible essayer une fontaine à eau qui aide à augmenter la prise de boisson )",hydratation_eau,1
69e7761636566621a8d7af46,EX2,Mochi,0,faire un suivi après changement de l'alimentation,suivi_poids_et_clinique,1
69e7761636566621a8d7af46,EX1,Isopp,0,faire une transition alimentaire sur une semaine,transition_alimentaire,1
69e7761636566621a8d7af46,EX1,Isopp,0,humidifier les croquettes pour augmenter la saciété et l'apétence,preparation_recette,1
69e7761636566621a8d7af46,EX1,Isopp,0,donner le tout en deux repas dans la journée,,0
69e7761636566621a8d7af46,EX1,Isopp,0,possibilité de rajouter des legumes vert pour augmenter la saciété(courgette par exemple ) à cuire à l'eau deux fois plus longtemps que pour l'homme et à mélanger aux croquettes  (voir la ration avec les légumes verts ),cuisson;preparation_recette,2
69e7761636566621a8d7af46,EX1,Isopp,0,utiliser une gamelle anti glouton si le chien a tendense à manger vite,distribution_repas,1
69e7761636566621a8d7af46,EX1,Isopp,0,"augmenter l'activité dans la journée (jeu , balade...)",activite_physique,1
69e7761636566621a8d7af46,EX1,Isopp,0,faire un suivi du poids toutes les deux semaines,suivi_poids_et_clinique,1
69e77655aaba882197213011,EX1,Isopp,0,"A amener progressivement dans l'alimentation, augmenter l'activité (plus de promenade, tapis de fouille)",activite_physique;enrichissement_environnement,2
